R1,R1_,R2,R2_,G1,G1_,G2,G2_,B1,B1_,B2,B2_,timestamp
8552,8574,9225,9255,6461,6459,7170,7138,8853,8831,9132,9105,2018-11-26 11:07:25
8511,8574,9213,9255,6462,6459,7192,7138,8895,8831,9197,9105,2018-11-26 11:09:25
8515,8574,9204,9255,6476,6459,7207,7138,8926,8831,9243,9105,2018-11-26 11:11:25
8547,8574,9273,9255,6495,6459,7251,7138,8949,8831,9280,9105,2018-11-26 11:13:25
8556,8574,9237,9255,6507,6459,7248,7138,8970,8831,9308,9105,2018-11-26 11:15:25
8501,8574,9219,9255,6491,6459,7252,7138,8981,8831,9334,9105,2018-11-26 11:17:25
8532,8574,9273,9255,6508,6459,7283,7138,8994,8831,9357,9105,2018-11-26 11:19:25
8535,8574,9236,9255,6514,6459,7274,7138,9007,8831,9372,9105,2018-11-26 11:21:26
8576,8574,9302,9255,6534,6459,7309,7138,9021,8831,9394,9105,2018-11-26 11:23:26
8511,8574,9261,9255,6512,6459,7298,7138,9025,8831,9407,9105,2018-11-26 11:25:26
8511,8574,9329,9255,6515,6459,7332,7138,9034,8831,9427,9105,2018-11-26 11:27:26
8540,8574,9280,9255,6530,6459,7317,7138,9046,8831,9435,9105,2018-11-26 11:29:26
8572,8574,9329,9255,6546,6459,7341,7138,9058,8831,9448,9105,2018-11-26 11:31:26
8564,8574,9293,9255,6544,6459,7330,7138,9062,8831,9458,9105,2018-11-26 11:33:26
8595,8574,9339,9255,6559,6459,7353,7138,9071,8831,9469,9105,2018-11-26 11:35:27
8583,8574,9395,9255,6555,6459,7336,7138,9074,8831,9474,9105,2018-11-26 11:37:27
8515,8574,9341,9255,6529,6459,7360,7138,9071,8831,9486,9105,2018-11-26 11:39:27
8535,8574,9393,9255,6538,6459,7383,7138,9077,8831,9493,9105,2018-11-26 11:41:27
8524,8574,9327,9255,6535,6459,7359,7138,9080,8831,9498,9105,2018-11-26 11:43:27
8541,8574,9379,9255,6544,6459,7384,7138,9087,8831,9509,9105,2018-11-26 11:45:27
8562,8574,9318,9255,6554,6459,7361,7138,9094,8831,9512,9105,2018-11-26 11:47:27
8545,8574,9363,9255,6547,6459,7381,7138,9093,8831,9519,9105,2018-11-26 11:49:28
8564,8574,9407,9255,6556,6459,7401,7138,9101,8831,9526,9105,2018-11-26 11:51:28
8545,8574,9336,9255,6549,6459,7374,7138,9100,8831,9529,9105,2018-11-26 11:53:28
8563,8574,9384,9255,6558,6459,7396,7138,9106,8831,9537,9105,2018-11-26 11:55:28
8579,8574,9425,9255,6565,6459,7369,7138,9111,8831,9534,9105,2018-11-26 11:57:28
8558,8574,9348,9255,6558,6459,7383,7138,9111,8831,9540,9105,2018-11-26 11:59:28
8576,8574,9396,9255,6566,6459,7405,7138,9115,8831,9547,9105,2018-11-26 12:01:28
8595,8574,9328,9255,6575,6459,7378,7138,9122,8831,9547,9105,2018-11-26 12:03:29
8571,8574,9368,9255,6566,6459,7397,7138,9122,8831,9556,9105,2018-11-26 12:05:29
8587,8574,9402,9255,6574,6459,7412,7138,9127,8831,9559,9105,2018-11-26 12:07:29
8602,8574,9333,9255,6581,6459,7385,7138,9130,8831,9559,9105,2018-11-26 12:09:29
8575,8574,9370,9255,6571,6459,7401,7138,9131,8831,9566,9105,2018-11-26 12:11:29
8586,8574,9401,9255,6576,6459,7415,7138,9134,8831,9571,9105,2018-11-26 12:13:29
8559,8574,9438,9255,6566,6459,7432,7138,9133,8831,9575,9105,2018-11-26 12:15:30
8567,8574,9364,9255,6568,6459,7403,7138,9131,8831,9576,9105,2018-11-26 12:17:29
8575,8574,9392,9255,6571,6459,7415,7138,9134,8831,9582,9105,2018-11-26 12:19:30
8545,8574,9421,9255,6559,6459,7428,7138,9130,8831,9586,9105,2018-11-26 12:21:30
8552,8574,9351,9255,6562,6459,7401,7138,9133,8831,9584,9105,2018-11-26 12:23:30
8558,8574,9374,9255,6566,6459,7411,7138,9136,8831,9589,9105,2018-11-26 12:25:30
8531,8574,9412,9255,6556,6459,7428,7138,9134,8831,9594,9105,2018-11-26 12:27:30
8537,8574,9444,9255,6557,6459,7442,7138,9136,8831,9598,9105,2018-11-26 12:29:30
8610,8574,9357,9255,6588,6459,7408,7138,9146,8831,9598,9105,2018-11-26 12:31:30
8616,8574,9389,9255,6591,6459,7422,7138,9131,8831,9603,9105,2018-11-26 12:33:31
8517,8574,9415,9255,6550,6459,7434,7138,9134,8831,9608,9105,2018-11-26 12:35:31
8578,8574,9441,9255,6576,6459,7445,7138,9146,8831,9610,9105,2018-11-26 12:37:31
8581,8574,9361,9255,6577,6459,7413,7138,9146,8831,9607,9105,2018-11-26 12:39:31
8588,8574,9382,9255,6581,6459,7423,7138,9148,8831,9612,9105,2018-11-26 12:41:31
8547,8574,9415,9255,6564,6459,7438,7138,9142,8831,9617,9105,2018-11-26 12:43:31
8550,8574,9438,9255,6565,6459,7447,7138,9143,8831,9619,9105,2018-11-26 12:45:31
8517,8574,9350,9255,6552,6459,7411,7138,9138,8831,9614,9105,2018-11-26 12:47:31
8517,8574,9375,9255,6552,6459,7423,7138,9140,8831,9620,9105,2018-11-26 12:49:32
8517,8574,9392,9255,6552,6459,7429,7138,9140,8831,9620,9105,2018-11-26 12:51:32
8574,8574,9411,9255,6577,6459,7439,7138,9153,8831,9625,9105,2018-11-26 12:53:32
8572,8574,9445,9255,6575,6459,7453,7138,9154,8831,9628,9105,2018-11-26 12:55:32
8571,8574,9355,9255,6575,6459,7416,7138,9155,8831,9623,9105,2018-11-26 12:57:32
8531,8574,9378,9255,6559,6459,7426,7138,9149,8831,9626,9105,2018-11-26 12:59:32
8529,8574,9395,9255,6559,6459,7435,7138,9151,8831,9631,9105,2018-11-26 13:01:33
8527,8574,9412,9255,6559,6459,7442,7138,9152,8831,9634,9105,2018-11-26 13:03:33
8598,8574,9450,9255,6588,6459,7457,7138,9163,8831,9635,9105,2018-11-26 13:05:33
8595,8574,9359,9255,6587,6459,7420,7138,9163,8831,9628,9105,2018-11-26 13:07:33
8548,8574,9373,9255,6568,6459,7426,7138,9157,8831,9633,9105,2018-11-26 13:09:33
8544,8574,9398,9255,6566,6459,7437,7138,9155,8831,9637,9105,2018-11-26 13:11:33
8541,8574,9414,9255,6565,6459,7444,7138,9154,8831,9638,9105,2018-11-26 13:13:33
8604,8574,9441,9255,6592,6459,7455,7138,9165,8831,9640,9105,2018-11-26 13:15:33
8598,8574,9459,9255,6590,6459,7463,7138,9165,8831,9641,9105,2018-11-26 13:17:34
8591,8574,9365,9255,6587,6459,7424,7138,9164,8831,9635,9105,2018-11-26 13:19:34
8546,8574,9385,9255,6569,6459,7433,7138,9161,8831,9638,9105,2018-11-26 13:21:34
8543,8574,9403,9255,6568,6459,7442,7138,9161,8831,9643,9105,2018-11-26 13:23:34
8606,8574,9416,9255,6595,6459,7447,7138,9171,8831,9643,9105,2018-11-26 13:25:34
8599,8574,9445,9255,6592,6459,7458,7138,9170,8831,9645,9105,2018-11-26 13:27:34
8594,8574,9465,9255,6590,6459,7466,7138,9170,8831,9646,9105,2018-11-26 13:29:34
8547,8574,9371,9255,6571,6459,7427,7138,9164,8831,9640,9105,2018-11-26 13:31:35
8543,8574,9393,9255,6570,6459,7437,7138,9165,8831,9644,9105,2018-11-26 13:33:35
8539,8574,9409,9255,6568,6459,7444,7138,9165,8831,9646,9105,2018-11-26 13:35:35
8598,8574,9434,9255,6593,6459,7455,7138,9174,8831,9648,9105,2018-11-26 13:37:35
8590,8574,9449,9255,6590,6459,7461,7138,9174,8831,9649,9105,2018-11-26 13:39:35
8543,8574,9467,9255,6570,6459,7469,7138,9167,8831,9650,9105,2018-11-26 13:41:35
8536,8574,9379,9255,6567,6459,7432,7138,9165,8831,9645,9105,2018-11-26 13:43:35
8531,8574,9390,9255,6565,6459,7436,7138,9164,8831,9645,9105,2018-11-26 13:45:36
8584,8574,9403,9255,6587,6459,7443,7138,9174,8831,9648,9105,2018-11-26 13:47:36
8575,8574,9424,9255,6584,6459,7451,7138,9172,8831,9649,9105,2018-11-26 13:49:36
8567,8574,9439,9255,6581,6459,7458,7138,9171,8831,9652,9105,2018-11-26 13:51:36
8526,8574,9464,9255,6563,6459,7469,7138,9163,8831,9655,9105,2018-11-26 13:53:36
8624,8574,9477,9255,6560,6459,7473,7138,9162,8831,9654,9105,2018-11-26 13:55:36
8565,8574,9493,9255,6580,6459,7432,7138,9171,8831,9648,9105,2018-11-26 13:57:36
8558,8574,9395,9255,6577,6459,7440,7138,9170,8831,9651,9105,2018-11-26 13:59:37
8550,8574,9407,9255,6574,6459,7445,7138,9168,8831,9653,9105,2018-11-26 14:01:37
8608,8574,9418,9255,6599,6459,7450,7138,9176,8831,9655,9105,2018-11-26 14:03:37
8597,8574,9438,9255,6594,6459,7459,7138,9175,8831,9656,9105,2018-11-26 14:05:37
8587,8574,9452,9255,6590,6459,7464,7138,9174,8831,9657,9105,2018-11-26 14:07:37
8537,8574,9476,9255,6569,6459,7474,7138,9166,8831,9658,9105,2018-11-26 14:09:37
8530,8574,9491,9255,6566,6459,7433,7138,9165,8831,9651,9105,2018-11-26 14:11:37
8579,8574,9386,9255,6587,6459,7437,7138,9173,8831,9653,9105,2018-11-26 14:13:37
8571,8574,9404,9255,6584,6459,7445,7138,9173,8831,9655,9105,2018-11-26 14:15:38
8561,8574,9415,9255,6579,6459,7449,7138,9169,8831,9656,9105,2018-11-26 14:17:38
8519,8574,9425,9255,6562,6459,7454,7138,9163,8831,9657,9105,2018-11-26 14:19:38
8612,8574,9449,9255,6601,6459,7464,7138,9179,8831,9661,9105,2018-11-26 14:21:38
8600,8574,9463,9255,6596,6459,7470,7138,9177,8831,9662,9105,2018-11-26 14:23:38
8547,8574,9491,9255,6574,6459,7482,7138,9169,8831,9655,9105,2018-11-26 14:25:38
8538,8574,9385,9255,6570,6459,7438,7138,9166,8831,9655,9105,2018-11-26 14:27:38
8593,8574,9395,9255,6593,6459,7442,7138,9175,8831,9657,9105,2018-11-26 14:29:39
8583,8574,9414,9255,6589,6459,7450,7138,9175,8831,9659,9105,2018-11-26 14:31:39
8571,8574,9422,9255,6584,6459,7454,7138,9173,8831,9660,9105,2018-11-26 14:33:39
8529,8574,9438,9255,6566,6459,7460,7138,9165,8831,9661,9105,2018-11-26 14:35:39
8520,8574,9459,9255,6562,6459,7468,7138,9164,8831,9661,9105,2018-11-26 14:37:39
8610,8574,9468,9255,6600,6459,7473,7138,9178,8831,9662,9105,2018-11-26 14:39:40
8553,8574,9493,9255,6577,6459,7482,7138,9170,8831,9657,9105,2018-11-26 14:41:40
8542,8574,9387,9255,6572,6459,7439,7138,9168,8831,9657,9105,2018-11-26 14:43:40
8593,8574,9395,9255,6593,6459,7442,7138,9176,8831,9658,9105,2018-11-26 14:45:40
8579,8574,9411,9255,6587,6459,7449,7138,9174,8831,9659,9105,2018-11-26 14:47:40
8567,8574,9422,9255,6583,6459,7453,7138,9172,8831,9660,9105,2018-11-26 14:49:40
8520,8574,9432,9255,6563,6459,7457,7138,9163,8831,9660,9105,2018-11-26 14:51:40
8610,8574,9453,9255,6600,6459,7465,7138,9177,8831,9660,9105,2018-11-26 14:53:40
8595,8574,9466,9255,6594,6459,7471,7138,9176,8831,9661,9105,2018-11-26 14:55:40
8541,8574,9494,9255,6571,6459,7483,7138,9167,8831,9656,9105,2018-11-26 14:57:41
8532,8574,9390,9255,6567,6459,7439,7138,9165,8831,9656,9105,2018-11-26 14:59:41
8522,8574,9398,9255,6563,6459,7442,7138,9164,8831,9656,9105,2018-11-26 15:01:41
8573,8574,9424,9255,6584,6459,7453,7138,9172,8831,9659,9105,2018-11-26 15:03:41
8562,8574,9436,9255,6580,6459,7459,7138,9171,8831,9661,9105,2018-11-26 15:05:41
8619,8574,9446,9255,6604,6459,7462,7138,9179,8831,9660,9105,2018-11-26 15:07:41
8600,8574,9469,9255,6596,6459,7472,7138,9177,8831,9662,9105,2018-11-26 15:09:41
8582,8574,9480,9255,6588,6459,7477,7138,9174,8831,9663,9105,2018-11-26 15:11:42
8531,8574,9388,9255,6567,6459,7438,7138,9164,8831,9656,9105,2018-11-26 15:13:42
8626,8574,9396,9255,6562,6459,7442,7138,9163,8831,9658,9105,2018-11-26 15:15:42
8607,8574,9403,9255,6598,6459,7444,7138,9176,8831,9658,9105,2018-11-26 15:17:42
8548,8574,9420,9255,6574,6459,7451,7138,9166,8831,9659,9105,2018-11-26 15:19:42
8538,8574,9429,9255,6569,6459,7455,7138,9166,8831,9659,9105,2018-11-26 15:21:42
8585,8574,9436,9255,6589,6459,7457,7138,9173,8831,9658,9105,2018-11-26 15:23:42
8570,8574,9456,9255,6583,6459,7466,7138,9171,8831,9659,9105,2018-11-26 15:25:42
8556,8574,9467,9255,6577,6459,7470,7138,9169,8831,9659,9105,2018-11-26 15:27:43
8609,8574,9477,9255,6599,6459,7474,7138,9176,8831,9660,9105,2018-11-26 15:29:43
8592,8574,9386,9255,6592,6459,7436,7138,9173,8831,9653,9105,2018-11-26 15:31:43
8575,8574,9394,9255,6584,6459,7440,7138,9171,8831,9655,9105,2018-11-26 15:33:43
8524,8574,9406,9255,6563,6459,7445,7138,9162,8831,9656,9105,2018-11-26 15:35:43
8611,8574,9412,9255,6599,6459,7448,7138,9176,8831,9657,9105,2018-11-26 15:37:43
8553,8574,9413,9255,6575,6459,7448,7138,9168,8831,9657,9105,2018-11-26 15:41:48
8635,8574,9616,9255,6584,6459,7501,7138,9117,8831,9611,9105,2018-11-26 15:44:48
8669,8574,9528,9255,6595,6459,7457,7138,9112,8831,9588,9105,2018-11-26 15:47:49
8679,8574,9636,9255,6589,6459,7449,7138,9087,8831,9557,9105,2018-11-26 15:50:49
8685,8574,9635,9255,6586,6459,7440,7138,9074,8831,9536,9105,2018-11-26 15:53:49
8690,8574,9628,9255,6584,6459,7430,7138,9064,8831,9517,9105,2018-11-26 15:56:49
8692,8574,9535,9255,6582,6459,7423,7138,9056,8831,9503,9105,2018-11-26 15:59:49
8694,8574,9530,9255,6580,6459,7417,7138,9050,8831,9492,9105,2018-11-26 16:02:50
8693,8574,9528,9255,6579,6459,7413,7138,9046,8831,9486,9105,2018-11-26 16:05:50
8694,8574,9525,9255,6577,6459,7409,7138,9041,8831,9481,9105,2018-11-26 16:08:50
8693,8574,9523,9255,6575,6459,7406,7138,9037,8831,9475,9105,2018-11-26 16:11:50
8692,8574,9518,9255,6574,6459,7401,7138,9034,8831,9468,9105,2018-11-26 16:14:50
8692,8574,9515,9255,6572,6459,7398,7138,9031,8831,9463,9105,2018-11-26 16:17:51
8691,8574,9513,9255,6571,6459,7396,7138,9028,8831,9460,9105,2018-11-26 16:20:51
8690,8574,9508,9255,6570,6459,7391,7138,9025,8831,9452,9105,2018-11-26 16:23:51
8692,8574,9508,9255,6570,6459,7390,7138,9023,8831,9450,9105,2018-11-26 16:26:52
8691,8574,9505,9255,6568,6459,7386,7138,9019,8831,9444,9105,2018-11-26 16:29:52
8691,8574,9502,9255,6568,6459,7384,7138,9020,8831,9442,9105,2018-11-26 16:32:52
8689,8574,9501,9255,6567,6459,7383,7138,9017,8831,9441,9105,2018-11-26 16:35:52
8687,8574,9499,9255,6565,6459,7382,7138,9013,8831,9438,9105,2018-11-26 16:38:52
8687,8574,9495,9255,6564,6459,7379,7138,9012,8831,9432,9105,2018-11-26 16:41:52
8686,8574,9495,9255,6562,6459,7376,7138,9007,8831,9429,9105,2018-11-26 16:44:53
8686,8574,9493,9255,6562,6459,7375,7138,9007,8831,9428,9105,2018-11-26 16:47:53
8684,8574,9490,9255,6561,6459,7373,7138,9005,8831,9425,9105,2018-11-26 16:50:53
8684,8574,9488,9255,6560,6459,7371,7138,9003,8831,9422,9105,2018-11-26 16:53:53
8685,8574,9489,9255,6560,6459,7372,7138,9003,8831,9422,9105,2018-11-26 16:56:53
8685,8574,9486,9255,6559,6459,7368,7138,8999,8831,9416,9105,2018-11-26 16:59:54
8684,8574,9484,9255,6560,6459,7366,7138,8999,8831,9415,9105,2018-11-26 17:02:54
8683,8574,9483,9255,6558,6459,7366,7138,8998,8831,9413,9105,2018-11-26 17:05:54
8682,8574,9482,9255,6558,6459,7365,7138,8997,8831,9411,9105,2018-11-26 17:08:56
8682,8574,9481,9255,6557,6459,7364,7138,8995,8831,9411,9105,2018-11-26 17:11:54
8682,8574,9480,9255,6557,6459,7362,7138,8995,8831,9408,9105,2018-11-26 17:14:55
8682,8574,9479,9255,6556,6459,7362,7138,8993,8831,9406,9105,2018-11-26 17:17:55
8682,8574,9476,9255,6555,6459,7358,7138,8990,8831,9401,9105,2018-11-26 17:20:55
8680,8574,9475,9255,6554,6459,7358,7138,8989,8831,9401,9105,2018-11-26 17:23:56
8681,8574,9473,9255,6554,6459,7356,7138,8990,8831,9399,9105,2018-11-26 17:26:58
8680,8574,9472,9255,6554,6459,7355,7138,8988,8831,9398,9105,2018-11-26 17:29:56
8679,8574,9471,9255,6551,6459,7354,7138,8984,8831,9394,9105,2018-11-26 17:32:56
8680,8574,9468,9255,6552,6459,7351,7138,8984,8831,9390,9105,2018-11-26 17:35:57
8680,8574,9467,9255,6551,6459,7349,7138,8982,8831,9387,9105,2018-11-26 17:38:57
8680,8574,9467,9255,6551,6459,7349,7138,8982,8831,9388,9105,2018-11-26 17:41:57
8680,8574,9465,9255,6551,6459,7347,7138,8981,8831,9385,9105,2018-11-26 17:44:57
8681,8574,9464,9255,6551,6459,7346,7138,8980,8831,9382,9105,2018-11-26 17:47:58
8682,8574,9463,9255,6551,6459,7345,7138,8979,8831,9380,9105,2018-11-26 17:50:58
8681,8574,9463,9255,6551,6459,7344,7138,8978,8831,9378,9105,2018-11-26 17:53:58
8681,8574,9460,9255,6550,6459,7342,7138,8977,8831,9375,9105,2018-11-26 17:56:58
8680,8574,9460,9255,6549,6459,7341,7138,8975,8831,9374,9105,2018-11-26 17:59:59
8680,8574,9459,9255,6549,6459,7340,7138,8975,8831,9374,9105,2018-11-26 18:02:59
8680,8574,9457,9255,6548,6459,7339,7138,8973,8831,9370,9105,2018-11-26 18:05:59
8679,8574,9457,9255,6548,6459,7339,7138,8972,8831,9370,9105,2018-11-26 18:08:59
8679,8574,9455,9255,6547,6459,7336,7138,8970,8831,9367,9105,2018-11-26 18:12:00
8679,8574,9454,9255,6547,6459,7336,7138,8970,8831,9367,9105,2018-11-26 18:14:59
8680,8574,9453,9255,6547,6459,7334,7138,8968,8831,9362,9105,2018-11-26 18:18:00
8679,8574,9451,9255,6547,6459,7333,7138,8969,8831,9362,9105,2018-11-26 18:21:00
8679,8574,9450,9255,6546,6459,7332,7138,8967,8831,9360,9105,2018-11-26 18:24:00
8679,8574,9448,9255,6546,6459,7330,7138,8966,8831,9357,9105,2018-11-26 18:27:00
8677,8574,9449,9255,6544,6459,7329,7138,8964,8831,9357,9105,2018-11-26 18:30:02
8678,8574,9448,9255,6545,6459,7330,7138,8964,8831,9357,9105,2018-11-26 18:33:01
8677,8574,9446,9255,6545,6459,7329,7138,8965,8831,9356,9105,2018-11-26 18:36:01
8676,8574,9445,9255,6543,6459,7328,7138,8962,8831,9354,9105,2018-11-26 18:39:01
8676,8574,9443,9255,6543,6459,7325,7138,8961,8831,9351,9105,2018-11-26 18:42:02
8674,8574,9442,9255,6541,6459,7324,7138,8958,8831,9349,9105,2018-11-26 18:45:01
8675,8574,9440,9255,6541,6459,7322,7138,8958,8831,9347,9105,2018-11-26 18:48:02
8675,8574,9439,9255,6541,6459,7321,7138,8958,8831,9345,9105,2018-11-26 18:51:02
8674,8574,9438,9255,6541,6459,7321,7138,8957,8831,9344,9105,2018-11-26 18:54:02
8674,8574,9437,9255,6541,6459,7320,7138,8957,8831,9344,9105,2018-11-26 18:57:02
8674,8574,9436,9255,6541,6459,7319,7138,8957,8831,9343,9105,2018-11-26 19:00:03
8674,8574,9437,9255,6540,6459,7320,7138,8955,8831,9342,9105,2018-11-26 19:03:03
8672,8574,9434,9255,6539,6459,7318,7138,8955,8831,9342,9105,2018-11-26 19:06:03
8673,8574,9433,9255,6539,6459,7317,7138,8953,8831,9338,9105,2018-11-26 19:09:03
8673,8574,9432,9255,6539,6459,7315,7138,8953,8831,9336,9105,2018-11-26 19:12:03
8671,8574,9432,9255,6538,6459,7316,7138,8951,8831,9337,9105,2018-11-26 19:15:04
8671,8574,9430,9255,6538,6459,7314,7138,8951,8831,9336,9105,2018-11-26 19:18:04
8671,8574,9430,9255,6537,6459,7314,7138,8951,8831,9335,9105,2018-11-26 19:21:04
8670,8574,9428,9255,6537,6459,7313,7138,8950,8831,9334,9105,2018-11-26 19:24:04
8670,8574,9428,9255,6536,6459,7311,7138,8947,8831,9331,9105,2018-11-26 19:27:04
8671,8574,9428,9255,6536,6459,7312,7138,8948,8831,9332,9105,2018-11-26 19:30:05
8668,8574,9426,9255,6535,6459,7312,7138,8946,8831,9332,9105,2018-11-26 19:33:05
8670,8574,9426,9255,6536,6459,7310,7138,8949,8831,9331,9105,2018-11-26 19:36:05
8670,8574,9425,9255,6536,6459,7310,7138,8948,8831,9329,9105,2018-11-26 19:39:05
8669,8574,9425,9255,6535,6459,7310,7138,8948,8831,9329,9105,2018-11-26 19:42:06
8668,8574,9422,9255,6534,6459,7308,7138,8946,8831,9327,9105,2018-11-26 19:45:06
8667,8574,9423,9255,6534,6459,7308,7138,8946,8831,9328,9105,2018-11-26 19:48:08
8668,8574,9423,9255,6534,6459,7309,7138,8947,8831,9330,9105,2018-11-26 19:51:06
8667,8574,9422,9255,6533,6459,7307,7138,8943,8831,9326,9105,2018-11-26 19:54:19
8665,8574,9422,9255,6534,6459,7310,7138,8948,8831,9333,9105,2018-11-26 19:57:06
8667,8574,9420,9255,6533,6459,7308,7138,8947,8831,9328,9105,2018-11-26 20:00:07
8666,8574,9420,9255,6533,6459,7307,7138,8945,8831,9326,9105,2018-11-26 20:03:07
8667,8574,9418,9255,6532,6459,7305,7138,8943,8831,9323,9105,2018-11-26 20:06:09
8666,8574,9419,9255,6532,6459,7306,7138,8944,8831,9325,9105,2018-11-26 20:09:07
8665,8574,9419,9255,6531,6459,7305,7138,8941,8831,9323,9105,2018-11-26 20:12:07
8665,8574,9417,9255,6531,6459,7303,7138,8941,8831,9321,9105,2018-11-26 20:15:08
8665,8574,9416,9255,6531,6459,7302,7138,8941,8831,9319,9105,2018-11-26 20:18:08
8665,8574,9415,9255,6530,6459,7302,7138,8940,8831,9318,9105,2018-11-26 20:21:09
8665,8574,9414,9255,6530,6459,7301,7138,8940,8831,9319,9105,2018-11-26 20:24:09
8665,8574,9415,9255,6530,6459,7302,7138,8939,8831,9318,9105,2018-11-26 20:27:09
8664,8574,9413,9255,6530,6459,7300,7138,8939,8831,9315,9105,2018-11-26 20:30:09
8664,8574,9413,9255,6529,6459,7300,7138,8938,8831,9316,9105,2018-11-26 20:33:09
8665,8574,9414,9255,6530,6459,7300,7138,8939,8831,9316,9105,2018-11-26 20:36:09
8664,8574,9412,9255,6529,6459,7299,7138,8937,8831,9314,9105,2018-11-26 20:39:09
8664,8574,9410,9255,6529,6459,7298,7138,8937,8831,9313,9105,2018-11-26 20:42:10
8663,8574,9410,9255,6529,6459,7297,7138,8937,8831,9311,9105,2018-11-26 20:45:10
8663,8574,9409,9255,6529,6459,7296,7138,8937,8831,9311,9105,2018-11-26 20:48:12
8663,8574,9408,9255,6528,6459,7296,7138,8937,8831,9310,9105,2018-11-26 20:51:11
8662,8574,9407,9255,6528,6459,7295,7138,8936,8831,9309,9105,2018-11-26 20:54:11
8663,8574,9407,9255,6528,6459,7295,7138,8936,8831,9308,9105,2018-11-26 20:57:11
8662,8574,9407,9255,6528,6459,7295,7138,8937,8831,9310,9105,2018-11-26 21:00:12
8662,8574,9406,9255,6528,6459,7295,7138,8937,8831,9309,9105,2018-11-26 21:03:15
8662,8574,9407,9255,6528,6459,7296,7138,8938,8831,9310,9105,2018-11-26 21:06:11
8662,8574,9406,9255,6528,6459,7294,7138,8936,8831,9307,9105,2018-11-26 21:09:12
8662,8574,9406,9255,6527,6459,7294,7138,8935,8831,9308,9105,2018-11-26 21:12:12
8661,8574,9406,9255,6527,6459,7294,7138,8934,8831,9307,9105,2018-11-26 21:15:12
8660,8574,9404,9255,6525,6459,7291,7138,8931,8831,9304,9105,2018-11-26 21:18:12
8660,8574,9403,9255,6524,6459,7290,7138,8930,8831,9302,9105,2018-11-26 21:21:13
8659,8574,9403,9255,6523,6459,7290,7138,8929,8831,9303,9105,2018-11-26 21:24:13
8658,8574,9400,9255,6523,6459,7289,7138,8929,8831,9300,9105,2018-11-26 21:27:13
8659,8574,9401,9255,6523,6459,7289,7138,8929,8831,9301,9105,2018-11-26 21:30:13
8659,8574,9399,9255,6524,6459,7288,7138,8929,8831,9298,9105,2018-11-26 21:33:13
8658,8574,9398,9255,6523,6459,7288,7138,8930,8831,9298,9105,2018-11-26 21:36:13
8658,8574,9397,9255,6523,6459,7286,7138,8929,8831,9296,9105,2018-11-26 21:39:14
8659,8574,9397,9255,6523,6459,7286,7138,8930,8831,9297,9105,2018-11-26 21:42:14
8658,8574,9395,9255,6522,6459,7285,7138,8928,8831,9295,9105,2018-11-26 21:45:14
8657,8574,9396,9255,6522,6459,7285,7138,8928,8831,9296,9105,2018-11-26 21:48:14
8657,8574,9394,9255,6522,6459,7284,7138,8928,8831,9294,9105,2018-11-26 21:51:14
8658,8574,9393,9255,6523,6459,7284,7138,8929,8831,9294,9105,2018-11-26 21:54:15
8657,8574,9393,9255,6522,6459,7283,7138,8927,8831,9292,9105,2018-11-26 21:57:15
8658,8574,9394,9255,6523,6459,7284,7138,8928,8831,9293,9105,2018-11-26 22:00:15
8657,8574,9392,9255,6521,6459,7282,7138,8927,8831,9291,9105,2018-11-26 22:03:15
8656,8574,9390,9255,6522,6459,7281,7138,8927,8831,9290,9105,2018-11-26 22:06:15
8656,8574,9390,9255,6522,6459,7281,7138,8927,8831,9291,9105,2018-11-26 22:09:17
8656,8574,9390,9255,6522,6459,7281,7138,8928,8831,9292,9105,2018-11-26 22:12:16
8655,8574,9390,9255,6522,6459,7282,7138,8928,8831,9293,9105,2018-11-26 22:15:16
8654,8574,9390,9255,6521,6459,7282,7138,8927,8831,9292,9105,2018-11-26 22:18:16
8655,8574,9390,9255,6521,6459,7282,7138,8927,8831,9292,9105,2018-11-26 22:21:16
8656,8574,9388,9255,6522,6459,7281,7138,8927,8831,9291,9105,2018-11-26 22:24:17
8654,8574,9388,9255,6521,6459,7280,7138,8927,8831,9290,9105,2018-11-26 22:27:17
8653,8574,9386,9255,6520,6459,7279,7138,8925,8831,9288,9105,2018-11-26 22:30:17
8653,8574,9385,9255,6520,6459,7278,7138,8925,8831,9288,9105,2018-11-26 22:33:18
8653,8574,9386,9255,6520,6459,7280,7138,8925,8831,9289,9105,2018-11-26 22:36:18
8654,8574,9386,9255,6520,6459,7279,7138,8925,8831,9288,9105,2018-11-26 22:39:19
8652,8574,9384,9255,6520,6459,7278,7138,8924,8831,9287,9105,2018-11-26 22:42:18
8651,8574,9383,9255,6519,6459,7276,7138,8922,8831,9284,9105,2018-11-26 22:45:19
8652,8574,9383,9255,6519,6459,7277,7138,8924,8831,9285,9105,2018-11-26 22:48:18
8653,8574,9383,9255,6519,6459,7276,7138,8923,8831,9285,9105,2018-11-26 22:51:19
8652,8574,9380,9255,6519,6459,7274,7138,8922,8831,9282,9105,2018-11-26 22:54:19
8652,8574,9379,9255,6519,6459,7272,7138,8921,8831,9278,9105,2018-11-26 22:57:19
8652,8574,9378,9255,6518,6459,7272,7138,8921,8831,9277,9105,2018-11-26 23:00:19
8652,8574,9378,9255,6519,6459,7273,7138,8922,8831,9279,9105,2018-11-26 23:03:19
8652,8574,9379,9255,6518,6459,7273,7138,8922,8831,9281,9105,2018-11-26 23:06:20
8652,8574,9378,9255,6519,6459,7273,7138,8923,8831,9280,9105,2018-11-26 23:09:20
8651,8574,9376,9255,6519,6459,7272,7138,8922,8831,9279,9105,2018-11-26 23:12:20
8651,8574,9376,9255,6518,6459,7271,7138,8922,8831,9278,9105,2018-11-26 23:15:20
8651,8574,9376,9255,6518,6459,7272,7138,8922,8831,9279,9105,2018-11-26 23:18:20
8649,8574,9375,9255,6517,6459,7270,7138,8921,8831,9277,9105,2018-11-26 23:21:21
8648,8574,9373,9255,6517,6459,7269,7138,8919,8831,9276,9105,2018-11-26 23:24:21
8648,8574,9373,9255,6516,6459,7269,7138,8920,8831,9276,9105,2018-11-26 23:27:21
8648,8574,9372,9255,6517,6459,7268,7138,8920,8831,9276,9105,2018-11-26 23:30:21
8647,8574,9372,9255,6516,6459,7269,7138,8919,8831,9276,9105,2018-11-26 23:33:23
8647,8574,9373,9255,6517,6459,7269,7138,8920,8831,9277,9105,2018-11-26 23:36:22
8647,8574,9372,9255,6516,6459,7269,7138,8919,8831,9276,9105,2018-11-26 23:39:23
8647,8574,9371,9255,6517,6459,7268,7138,8920,8831,9276,9105,2018-11-26 23:42:22
8647,8574,9370,9255,6516,6459,7267,7138,8918,8831,9274,9105,2018-11-26 23:45:22
8646,8574,9370,9255,6515,6459,7268,7138,8918,8831,9275,9105,2018-11-26 23:48:23
8646,8574,9369,9255,6516,6459,7267,7138,8919,8831,9274,9105,2018-11-26 23:51:23
8646,8574,9368,9255,6516,6459,7266,7138,8918,8831,9273,9105,2018-11-26 23:54:25
8645,8574,9367,9255,6515,6459,7266,7138,8917,8831,9274,9105,2018-11-26 23:57:23
8644,8574,9367,9255,6515,6459,7265,7138,8916,8831,9271,9105,2018-11-27 00:00:24
8642,8574,9366,9255,6513,6459,7265,7138,8915,8831,9273,9105,2018-11-27 00:03:24
8643,8574,9365,9255,6514,6459,7264,7138,8915,8831,9271,9105,2018-11-27 00:06:24
8642,8574,9365,9255,6514,6459,7265,7138,8915,8831,9272,9105,2018-11-27 00:09:24
8643,8574,9364,9255,6515,6459,7265,7138,8918,8831,9273,9105,2018-11-27 00:12:24
8643,8574,9364,9255,6514,6459,7264,7138,8916,8831,9272,9105,2018-11-27 00:15:26
8642,8574,9364,9255,6514,6459,7265,7138,8917,8831,9274,9105,2018-11-27 00:18:26
8642,8574,9364,9255,6514,6459,7265,7138,8917,8831,9274,9105,2018-11-27 00:21:26
8641,8574,9363,9255,6513,6459,7264,7138,8916,8831,9272,9105,2018-11-27 00:24:25
8643,8574,9362,9255,6514,6459,7264,7138,8918,8831,9272,9105,2018-11-27 00:27:25
8641,8574,9361,9255,6513,6459,7262,7138,8915,8831,9270,9105,2018-11-27 00:30:27
8640,8574,9360,9255,6512,6459,7262,7138,8916,8831,9271,9105,2018-11-27 00:33:27
8639,8574,9360,9255,6511,6459,7262,7138,8914,8831,9271,9105,2018-11-27 00:36:30
8639,8574,9361,9255,6512,6459,7264,7138,8916,8831,9274,9105,2018-11-27 00:39:28
8639,8574,9362,9255,6512,6459,7264,7138,8915,8831,9274,9105,2018-11-27 00:42:28
8638,8574,9359,9255,6512,6459,7262,7138,8915,8831,9271,9105,2018-11-27 00:45:27
8637,8574,9358,9255,6511,6459,7261,7138,8913,8831,9269,9105,2018-11-27 00:48:27
8635,8574,9357,9255,6509,6459,7260,7138,8910,8831,9268,9105,2018-11-27 00:51:27
8636,8574,9356,9255,6509,6459,7259,7138,8911,8831,9267,9105,2018-11-27 00:54:28
8635,8574,9356,9255,6510,6459,7260,7138,8912,8831,9269,9105,2018-11-27 00:57:27
8637,8574,9355,9255,6510,6459,7259,7138,8911,8831,9267,9105,2018-11-27 01:00:28
8636,8574,9356,9255,6510,6459,7259,7138,8910,8831,9267,9105,2018-11-27 01:39:31
8635,8574,9354,9255,6508,6459,7258,7138,8909,8831,9266,9105,2018-11-27 01:39:39
8634,8574,9353,9255,6508,6459,7258,7138,8909,8831,9265,9105,2018-11-27 01:39:45
8634,8574,9353,9255,6509,6459,7258,7138,8910,8831,9266,9105,2018-11-27 01:39:52
8635,8574,9353,9255,6509,6459,7258,7138,8911,8831,9266,9105,2018-11-27 01:39:58
8635,8574,9352,9255,6509,6459,7257,7138,8911,8831,9264,9105,2018-11-27 01:40:04
8635,8574,9353,9255,6510,6459,7258,7138,8912,8831,9267,9105,2018-11-27 01:40:10
8635,8574,9351,9255,6509,6459,7256,7138,8911,8831,9264,9105,2018-11-27 01:40:16
8633,8574,9350,9255,6508,6459,7256,7138,8909,8831,9263,9105,2018-11-27 01:40:23
8632,8574,9350,9255,6508,6459,7255,7138,8910,8831,9263,9105,2018-11-27 01:40:31
8633,8574,9350,9255,6509,6459,7256,7138,8910,8831,9264,9105,2018-11-27 01:40:38
8632,8574,9350,9255,6508,6459,7256,7138,8909,8831,9264,9105,2018-11-27 01:40:45
8632,8574,9349,9255,6508,6459,7256,7138,8909,8831,9264,9105,2018-11-27 01:40:50
8631,8574,9348,9255,6508,6459,7255,7138,8909,8831,9264,9105,2018-11-27 01:42:32
8632,8574,9349,9255,6509,6459,7256,7138,8910,8831,9266,9105,2018-11-27 01:45:31
8631,8574,9348,9255,6507,6459,7255,7138,8908,8831,9264,9105,2018-11-27 01:48:32
8630,8574,9347,9255,6508,6459,7255,7138,8909,8831,9265,9105,2018-11-27 01:51:31
8629,8574,9347,9255,6507,6459,7255,7138,8906,8831,9263,9105,2018-11-27 01:54:32
8628,8574,9347,9255,6506,6459,7254,7138,8905,8831,9263,9105,2018-11-27 01:57:32
8626,8574,9345,9255,6505,6459,7253,7138,8903,8831,9261,9105,2018-11-27 02:00:33
8626,8574,9346,9255,6505,6459,7255,7138,8903,8831,9264,9105,2018-11-27 02:03:32
8624,8574,9345,9255,6504,6459,7254,7138,8901,8831,9263,9105,2018-11-27 02:06:32
8625,8574,9344,9255,6505,6459,7253,7138,8901,8831,9262,9105,2018-11-27 02:09:33
8624,8574,9345,9255,6505,6459,7254,7138,8901,8831,9263,9105,2018-11-27 02:12:33
8623,8574,9344,9255,6503,6459,7253,7138,8898,8831,9264,9105,2018-11-27 02:15:33
8623,8574,9344,9255,6503,6459,7252,7138,8896,8831,9261,9105,2018-11-27 02:18:33
8623,8574,9343,9255,6502,6459,7251,7138,8894,8831,9259,9105,2018-11-27 02:21:33
8623,8574,9344,9255,6502,6459,7252,7138,8896,8831,9262,9105,2018-11-27 02:24:33
8622,8574,9342,9255,6502,6459,7251,7138,8894,8831,9259,9105,2018-11-27 02:27:34
8621,8574,9342,9255,6502,6459,7252,7138,8894,8831,9261,9105,2018-11-27 02:30:35
8620,8574,9341,9255,6500,6459,7251,7138,8894,8831,9261,9105,2018-11-27 02:33:36
8620,8574,9341,9255,6500,6459,7251,7138,8894,8831,9260,9105,2018-11-27 02:36:34
8621,8574,9341,9255,6500,6459,7249,7138,8891,8831,9258,9105,2018-11-27 02:39:35
8620,8574,9340,9255,6499,6459,7251,7138,8892,8831,9260,9105,2018-11-27 02:42:35
8619,8574,9339,9255,6499,6459,7249,7138,8891,8831,9257,9105,2018-11-27 02:45:35
8619,8574,9340,9255,6499,6459,7250,7138,8892,8831,9260,9105,2018-11-27 02:48:35
8621,8574,9340,9255,6500,6459,7249,7138,8892,8831,9258,9105,2018-11-27 02:51:37
8619,8574,9338,9255,6499,6459,7249,7138,8894,8831,9258,9105,2018-11-27 02:54:36
8619,8574,9337,9255,6499,6459,7248,7138,8891,8831,9256,9105,2018-11-27 02:57:36
8618,8574,9338,9255,6498,6459,7249,7138,8890,8831,9258,9105,2018-11-27 03:00:36
8616,8574,9336,9255,6496,6459,7247,7138,8888,8831,9256,9105,2018-11-27 03:03:36
8615,8574,9336,9255,6496,6459,7247,7138,8887,8831,9255,9105,2018-11-27 03:06:36
8616,8574,9337,9255,6497,6459,7248,7138,8889,8831,9256,9105,2018-11-27 03:09:36
8616,8574,9336,9255,6496,6459,7246,7138,8889,8831,9255,9105,2018-11-27 03:12:37
8615,8574,9336,9255,6496,6459,7247,7138,8888,8831,9255,9105,2018-11-27 03:15:37
8614,8574,9334,9255,6495,6459,7246,7138,8887,8831,9254,9105,2018-11-27 03:18:37
8614,8574,9335,9255,6495,6459,7247,7138,8888,8831,9255,9105,2018-11-27 03:21:37
8614,8574,9335,9255,6495,6459,7247,7138,8887,8831,9255,9105,2018-11-27 03:24:37
8613,8574,9333,9255,6494,6459,7244,7138,8886,8831,9252,9105,2018-11-27 03:27:38
8613,8574,9333,9255,6494,6459,7244,7138,8885,8831,9253,9105,2018-11-27 03:30:38
8614,8574,9333,9255,6494,6459,7244,7138,8886,8831,9252,9105,2018-11-27 03:33:38
8612,8574,9332,9255,6493,6459,7244,7138,8885,8831,9252,9105,2018-11-27 03:36:38
8612,8574,9332,9255,6494,6459,7244,7138,8885,8831,9251,9105,2018-11-27 03:39:38
8612,8574,9332,9255,6493,6459,7244,7138,8884,8831,9252,9105,2018-11-27 03:42:39
8613,8574,9332,9255,6493,6459,7244,7138,8884,8831,9251,9105,2018-11-27 03:45:39
8611,8574,9330,9255,6492,6459,7243,7138,8881,8831,9250,9105,2018-11-27 03:48:39
8610,8574,9331,9255,6491,6459,7242,7138,8880,8831,9249,9105,2018-11-27 03:51:39
8610,8574,9330,9255,6491,6459,7243,7138,8881,8831,9251,9105,2018-11-27 03:54:40
8609,8574,9330,9255,6490,6459,7242,7138,8881,8831,9251,9105,2018-11-27 03:57:40
8610,8574,9328,9255,6490,6459,7241,7138,8881,8831,9249,9105,2018-11-27 04:00:40
8609,8574,9329,9255,6490,6459,7242,7138,8881,8831,9250,9105,2018-11-27 04:03:40
8608,8574,9328,9255,6489,6459,7241,7138,8880,8831,9248,9105,2018-11-27 04:06:40
8609,8574,9327,9255,6489,6459,7240,7138,8879,8831,9247,9105,2018-11-27 04:09:41
8608,8574,9328,9255,6489,6459,7240,7138,8879,8831,9247,9105,2018-11-27 04:12:41
8607,8574,9327,9255,6488,6459,7240,7138,8877,8831,9247,9105,2018-11-27 04:15:41
8605,8574,9327,9255,6487,6459,7240,7138,8876,8831,9247,9105,2018-11-27 04:18:41
8603,8574,9327,9255,6486,6459,7240,7138,8873,8831,9246,9105,2018-11-27 04:21:41
8602,8574,9325,9255,6484,6459,7238,7138,8870,8831,9244,9105,2018-11-27 04:24:42
8601,8574,9326,9255,6485,6459,7239,7138,8871,8831,9246,9105,2018-11-27 04:27:42
8602,8574,9325,9255,6485,6459,7238,7138,8872,8831,9245,9105,2018-11-27 04:30:45
8602,8574,9325,9255,6485,6459,7238,7138,8873,8831,9246,9105,2018-11-27 04:33:42
8602,8574,9325,9255,6485,6459,7239,7138,8872,8831,9246,9105,2018-11-27 04:36:42
8600,8574,9324,9255,6484,6459,7238,7138,8870,8831,9244,9105,2018-11-27 04:39:43
8601,8574,9325,9255,6484,6459,7239,7138,8870,8831,9246,9105,2018-11-27 04:42:43
8602,8574,9325,9255,6484,6459,7238,7138,8869,8831,9244,9105,2018-11-27 04:45:43
8601,8574,9324,9255,6484,6459,7237,7138,8869,8831,9244,9105,2018-11-27 04:48:44
8599,8574,9323,9255,6483,6459,7237,7138,8867,8831,9244,9105,2018-11-27 04:51:43
8599,8574,9323,9255,6483,6459,7237,7138,8867,8831,9244,9105,2018-11-27 04:54:44
8598,8574,9323,9255,6482,6459,7237,7138,8866,8831,9243,9105,2018-11-27 04:57:44
8598,8574,9321,9255,6482,6459,7236,7138,8866,8831,9242,9105,2018-11-27 05:00:44
8597,8574,9320,9255,6482,6459,7235,7138,8865,8831,9241,9105,2018-11-27 05:03:44
8598,8574,9321,9255,6482,6459,7235,7138,8865,8831,9242,9105,2018-11-27 05:06:45
8597,8574,9319,9255,6482,6459,7234,7138,8864,8831,9240,9105,2018-11-27 05:09:45
8597,8574,9319,9255,6481,6459,7234,7138,8864,8831,9240,9105,2018-11-27 05:12:45
8597,8574,9319,9255,6480,6459,7234,7138,8863,8831,9239,9105,2018-11-27 05:15:45
8597,8574,9319,9255,6481,6459,7234,7138,8862,8831,9240,9105,2018-11-27 05:18:46
8596,8574,9320,9255,6481,6459,7235,7138,8864,8831,9241,9105,2018-11-27 05:21:46
8595,8574,9318,9255,6480,6459,7234,7138,8863,8831,9240,9105,2018-11-27 05:24:46
8593,8574,9316,9255,6479,6459,7232,7138,8860,8831,9238,9105,2018-11-27 05:27:47
8593,8574,9317,9255,6479,6459,7233,7138,8861,8831,9238,9105,2018-11-27 05:30:48
8593,8574,9317,9255,6479,6459,7233,7138,8862,8831,9239,9105,2018-11-27 05:33:47
8592,8574,9315,9255,6478,6459,7231,7138,8859,8831,9235,9105,2018-11-27 05:36:47
8592,8574,9315,9255,6479,6459,7231,7138,8858,8831,9235,9105,2018-11-27 05:39:47
8591,8574,9314,9255,6478,6459,7230,7138,8858,8831,9234,9105,2018-11-27 05:42:47
8591,8574,9313,9255,6477,6459,7229,7138,8856,8831,9232,9105,2018-11-27 05:45:47
8591,8574,9314,9255,6478,6459,7230,7138,8857,8831,9235,9105,2018-11-27 05:48:47
8591,8574,9311,9255,6478,6459,7228,7138,8858,8831,9232,9105,2018-11-27 05:51:48
8590,8574,9312,9255,6478,6459,7230,7138,8858,8831,9234,9105,2018-11-27 05:54:48
8589,8574,9312,9255,6476,6459,7229,7138,8856,8831,9233,9105,2018-11-27 05:57:48
8589,8574,9312,9255,6476,6459,7228,7138,8856,8831,9232,9105,2018-11-27 06:00:48
8587,8574,9310,9255,6475,6459,7228,7138,8856,8831,9232,9105,2018-11-27 06:03:48
8587,8574,9311,9255,6475,6459,7229,7138,8856,8831,9233,9105,2018-11-27 06:06:50
8586,8574,9312,9255,6475,6459,7230,7138,8857,8831,9236,9105,2018-11-27 06:09:49
8584,8574,9309,9255,6474,6459,7227,7138,8854,8831,9231,9105,2018-11-27 06:12:49
8585,8574,9308,9255,6474,6459,7227,7138,8855,8831,9232,9105,2018-11-27 06:15:50
8584,8574,9309,9255,6474,6459,7228,7138,8855,8831,9234,9105,2018-11-27 06:18:50
8584,8574,9309,9255,6474,6459,7228,7138,8854,8831,9234,9105,2018-11-27 06:21:50
8584,8574,9308,9255,6475,6459,7227,7138,8855,8831,9232,9105,2018-11-27 06:24:50
8584,8574,9308,9255,6474,6459,7227,7138,8854,8831,9232,9105,2018-11-27 06:27:50
8583,8574,9307,9255,6474,6459,7227,7138,8855,8831,9233,9105,2018-11-27 06:30:51
8584,8574,9307,9255,6475,6459,7227,7138,8855,8831,9232,9105,2018-11-27 06:33:51
8583,8574,9307,9255,6474,6459,7227,7138,8854,8831,9234,9105,2018-11-27 06:36:51
8582,8574,9307,9255,6473,6459,7227,7138,8852,8831,9234,9105,2018-11-27 06:39:51
8582,8574,9308,9255,6473,6459,7228,7138,8853,8831,9236,9105,2018-11-27 06:42:51
8583,8574,9309,9255,6474,6459,7228,7138,8854,8831,9238,9105,2018-11-27 06:45:51
8582,8574,9308,9255,6474,6459,7229,7138,8855,8831,9239,9105,2018-11-27 06:48:52
8582,8574,9309,9255,6473,6459,7229,7138,8854,8831,9239,9105,2018-11-27 06:51:52
8582,8574,9309,9255,6474,6459,7229,7138,8854,8831,9239,9105,2018-11-27 06:54:52
8582,8574,9309,9255,6474,6459,7230,7138,8854,8831,9240,9105,2018-11-27 06:57:52
8582,8574,9307,9255,6474,6459,7228,7138,8855,8831,9237,9105,2018-11-27 07:00:54
8582,8574,9310,9255,6475,6459,7231,7138,8857,8831,9242,9105,2018-11-27 07:03:53
8581,8574,9311,9255,6474,6459,7231,7138,8857,8831,9244,9105,2018-11-27 07:06:54
8580,8574,9311,9255,6473,6459,7231,7138,8856,8831,9243,9105,2018-11-27 07:09:53
8579,8574,9311,9255,6473,6459,7231,7138,8852,8831,9242,9105,2018-11-27 07:12:53
8578,8574,9310,9255,6472,6459,7231,7138,8850,8831,9241,9105,2018-11-27 07:15:54
8577,8574,9311,9255,6472,6459,7231,7138,8850,8831,9241,9105,2018-11-27 07:18:54
8577,8574,9311,9255,6472,6459,7231,7138,8849,8831,9241,9105,2018-11-27 07:21:54
8575,8574,9310,9255,6471,6459,7231,7138,8848,8831,9241,9105,2018-11-27 07:24:54
8576,8574,9310,9255,6472,6459,7231,7138,8848,8831,9241,9105,2018-11-27 07:27:55
8575,8574,9310,9255,6471,6459,7231,7138,8849,8831,9241,9105,2018-11-27 07:30:55
8572,8574,9309,9255,6469,6459,7230,7138,8847,8831,9241,9105,2018-11-27 07:33:55
8572,8574,9309,9255,6468,6459,7229,7138,8846,8831,9239,9105,2018-11-27 07:36:55
8572,8574,9310,9255,6469,6459,7230,7138,8847,8831,9240,9105,2018-11-27 07:39:55
8573,8574,9310,9255,6469,6459,7231,7138,8846,8831,9241,9105,2018-11-27 07:42:55
8571,8574,9309,9255,6469,6459,7230,7138,8846,8831,9240,9105,2018-11-27 07:45:56
8571,8574,9310,9255,6469,6459,7231,7138,8846,8831,9241,9105,2018-11-27 07:48:56
8571,8574,9309,9255,6469,6459,7229,7138,8846,8831,9240,9105,2018-11-27 07:51:56
8572,8574,9308,9255,6469,6459,7230,7138,8847,8831,9240,9105,2018-11-27 07:54:57
8572,8574,9309,9255,6470,6459,7230,7138,8847,8831,9241,9105,2018-11-27 07:57:56
8572,8574,9309,9255,6469,6459,7230,7138,8847,8831,9240,9105,2018-11-27 08:00:57
8572,8574,9310,9255,6470,6459,7231,7138,8848,8831,9243,9105,2018-11-27 08:03:57
8572,8574,9310,9255,6469,6459,7231,7138,8847,8831,9242,9105,2018-11-27 08:06:57
8571,8574,9309,9255,6469,6459,7230,7138,8846,8831,9242,9105,2018-11-27 08:09:57
8572,8574,9310,9255,6470,6459,7231,7138,8848,8831,9243,9105,2018-11-27 08:12:58
8573,8574,9309,9255,6470,6459,7230,7138,8848,8831,9241,9105,2018-11-27 08:15:58
8572,8574,9308,9255,6469,6459,7229,7138,8846,8831,9239,9105,2018-11-27 08:18:59
8574,8574,9311,9255,6470,6459,7230,7138,8847,8831,9241,9105,2018-11-27 08:21:58
8572,8574,9308,9255,6469,6459,7229,7138,8845,8831,9239,9105,2018-11-27 08:24:59
8571,8574,9308,9255,6469,6459,7229,7138,8847,8831,9240,9105,2018-11-27 08:27:59
8571,8574,9308,9255,6468,6459,7230,7138,8847,8831,9240,9105,2018-11-27 08:30:59
8572,8574,9308,9255,6469,6459,7229,7138,8847,8831,9240,9105,2018-11-27 08:34:00
8571,8574,9308,9255,6469,6459,7230,7138,8848,8831,9242,9105,2018-11-27 08:37:00
8572,8574,9308,9255,6470,6459,7230,7138,8848,8831,9242,9105,2018-11-27 08:40:00
8571,8574,9307,9255,6469,6459,7230,7138,8848,8831,9241,9105,2018-11-27 08:43:00
8572,8574,9308,9255,6470,6459,7230,7138,8848,8831,9242,9105,2018-11-27 08:46:00
8571,8574,9307,9255,6469,6459,7229,7138,8847,8831,9240,9105,2018-11-27 08:49:00
8570,8574,9307,9255,6468,6459,7230,7138,8847,8831,9242,9105,2018-11-27 08:52:00
8571,8574,9308,9255,6469,6459,7231,7138,8846,8831,9242,9105,2018-11-27 08:55:00
8569,8574,9307,9255,6468,6459,7230,7138,8847,8831,9242,9105,2018-11-27 08:58:01
8571,8574,9307,9255,6470,6459,7230,7138,8848,8831,9242,9105,2018-11-27 09:01:01
8569,8574,9306,9255,6468,6459,7229,7138,8847,8831,9241,9105,2018-11-27 09:04:01
8568,8574,9307,9255,6468,6459,7230,7138,8848,8831,9243,9105,2018-11-27 09:07:01
8569,8574,9308,9255,6469,6459,7231,7138,8848,8831,9243,9105,2018-11-27 09:10:01
8568,8574,9306,9255,6468,6459,7230,7138,8847,8831,9243,9105,2018-11-27 09:13:02
8569,8574,9307,9255,6468,6459,7230,7138,8848,8831,9243,9105,2018-11-27 09:16:02
8568,8574,9306,9255,6468,6459,7230,7138,8849,8831,9243,9105,2018-11-27 09:19:02
8569,8574,9305,9255,6469,6459,7230,7138,8851,8831,9243,9105,2018-11-27 09:22:02
8569,8574,9306,9255,6469,6459,7230,7138,8850,8831,9243,9105,2018-11-27 09:25:03
8567,8574,9305,9255,6468,6459,7229,7138,8848,8831,9242,9105,2018-11-27 09:28:03
8567,8574,9305,9255,6468,6459,7230,7138,8849,8831,9242,9105,2018-11-27 09:31:03
8565,8574,9304,9255,6467,6459,7229,7138,8847,8831,9242,9105,2018-11-27 09:34:03
8566,8574,9307,9255,6468,6459,7232,7138,8849,8831,9246,9105,2018-11-27 09:37:03
8565,8574,9305,9255,6467,6459,7230,7138,8848,8831,9243,9105,2018-11-27 09:40:03
8564,8574,9303,9255,6466,6459,7228,7138,8847,8831,9241,9105,2018-11-27 09:43:04
8562,8574,9302,9255,6465,6459,7228,7138,8845,8831,9242,9105,2018-11-27 09:46:04
8562,8574,9301,9255,6465,6459,7226,7138,8845,8831,9239,9105,2018-11-27 09:49:04
8562,8574,9302,9255,6466,6459,7228,7138,8846,8831,9243,9105,2018-11-27 09:52:04
8561,8574,9302,9255,6465,6459,7228,7138,8847,8831,9243,9105,2018-11-27 09:55:05
8561,8574,9302,9255,6466,6459,7229,7138,8848,8831,9244,9105,2018-11-27 09:58:05
8561,8574,9303,9255,6466,6459,7230,7138,8849,8831,9246,9105,2018-11-27 10:01:06
8560,8574,9302,9255,6466,6459,7230,7138,8849,8831,9245,9105,2018-11-27 10:04:05
8560,8574,9302,9255,6466,6459,7230,7138,8849,8831,9245,9105,2018-11-27 10:07:05
8559,8574,9303,9255,6466,6459,7231,7138,8849,8831,9248,9105,2018-11-27 10:10:08
8560,8574,9302,9255,6466,6459,7231,7138,8850,8831,9249,9105,2018-11-27 10:13:10
8559,8574,9304,9255,6467,6459,7233,7138,8853,8831,9252,9105,2018-11-27 10:16:06
8559,8574,9302,9255,6466,6459,7231,7138,8851,8831,9249,9105,2018-11-27 10:19:08
8559,8574,9301,9255,6467,6459,7232,7138,8852,8831,9251,9105,2018-11-27 10:22:07
8558,8574,9300,9255,6466,6459,7230,7138,8850,8831,9248,9105,2018-11-27 10:25:07
8557,8574,9300,9255,6465,6459,7231,7138,8851,8831,9250,9105,2018-11-27 10:28:07
8557,8574,9302,9255,6466,6459,7233,7138,8853,8831,9253,9105,2018-11-27 10:31:07
8557,8574,9301,9255,6466,6459,7232,7138,8852,8831,9251,9105,2018-11-27 10:34:07
8555,8574,9300,9255,6465,6459,7231,7138,8851,8831,9252,9105,2018-11-27 10:37:07
8555,8574,9299,9255,6465,6459,7230,7138,8850,8831,9250,9105,2018-11-27 10:40:09
8554,8574,9299,9255,6465,6459,7232,7138,8853,8831,9253,9105,2018-11-27 10:43:08
8553,8574,9299,9255,6465,6459,7231,7138,8852,8831,9253,9105,2018-11-27 10:46:08
8554,8574,9299,9255,6465,6459,7231,7138,8852,8831,9253,9105,2018-11-27 10:49:09
8553,8574,9300,9255,6465,6459,7232,7138,8853,8831,9255,9105,2018-11-27 10:52:10
8551,8574,9298,9255,6465,6459,7232,7138,8854,8831,9256,9105,2018-11-27 10:55:09
8552,8574,9299,9255,6466,6459,7234,7138,8856,8831,9259,9105,2018-11-27 10:58:09
8551,8574,9299,9255,6465,6459,7233,7138,8854,8831,9258,9105,2018-11-27 11:01:38
8547,8574,9299,9255,6467,6459,7240,7138,8864,8831,9272,9105,2018-11-27 11:04:13
8547,8574,9300,9255,6466,6459,7239,7138,8860,8831,9269,9105,2018-11-27 11:07:10
8548,8574,9299,9255,6465,6459,7237,7138,8858,8831,9265,9105,2018-11-27 11:10:12
8548,8574,9300,9255,6466,6459,7238,7138,8860,8831,9268,9105,2018-11-27 11:13:11
8548,8574,9299,9255,6466,6459,7238,7138,8860,8831,9267,9105,2018-11-27 11:16:38
8546,8574,9302,9255,6468,6459,7244,7138,8870,8831,9281,9105,2018-11-27 11:19:45
8545,8574,9303,9255,6469,6459,7248,7138,8873,8831,9287,9105,2018-11-27 11:22:10
8547,8574,9305,9255,6468,6459,7246,7138,8868,8831,9281,9105,2018-11-27 11:25:10
8548,8574,9304,9255,6468,6459,7244,7138,8867,8831,9277,9105,2018-11-27 11:28:11
8549,8574,9305,9255,6467,6459,7244,7138,8865,8831,9277,9105,2018-11-27 11:31:11
8549,8574,9304,9255,6467,6459,7242,7138,8864,8831,9274,9105,2018-11-27 11:34:11
8547,8574,9303,9255,6466,6459,7242,7138,8862,8831,9273,9105,2018-11-27 11:37:11
8546,8574,9301,9255,6465,6459,7239,7138,8860,8831,9269,9105,2018-11-27 11:40:11
8548,8574,9303,9255,6466,6459,7241,7138,8860,8831,9272,9105,2018-11-27 11:43:11
8548,8574,9302,9255,6466,6459,7240,7138,8861,8831,9270,9105,2018-11-27 11:46:12
8547,8574,9301,9255,6465,6459,7239,7138,8860,8831,9268,9105,2018-11-27 11:49:12
8546,8574,9300,9255,6464,6459,7238,7138,8858,8831,9267,9105,2018-11-27 11:52:12
8545,8574,9299,9255,6464,6459,7237,7138,8857,8831,9266,9105,2018-11-27 11:55:14
8547,8574,9300,9255,6465,6459,7239,7138,8860,8831,9269,9105,2018-11-27 11:58:13
8547,8574,9300,9255,6465,6459,7238,7138,8860,8831,9268,9105,2018-11-27 12:01:13
8545,8574,9297,9255,6463,6459,7236,7138,8858,8831,9266,9105,2018-11-27 12:04:13
8546,8574,9297,9255,6464,6459,7236,7138,8858,8831,9265,9105,2018-11-27 12:07:13
8546,8574,9297,9255,6464,6459,7236,7138,8858,8831,9265,9105,2018-11-27 12:10:13
8545,8574,9298,9255,6464,6459,7237,7138,8858,8831,9266,9105,2018-11-27 12:13:14
8544,8574,9297,9255,6463,6459,7236,7138,8856,8831,9266,9105,2018-11-27 12:16:14
8544,8574,9296,9255,6464,6459,7236,7138,8857,8831,9265,9105,2018-11-27 12:19:14
8544,8574,9296,9255,6463,6459,7236,7138,8858,8831,9266,9105,2018-11-27 12:22:14
8543,8574,9295,9255,6463,6459,7235,7138,8857,8831,9265,9105,2018-11-27 12:25:14
8543,8574,9296,9255,6463,6459,7236,7138,8859,8831,9267,9105,2018-11-27 12:28:15
8542,8574,9296,9255,6462,6459,7237,7138,8857,8831,9268,9105,2018-11-27 12:31:15
8543,8574,9297,9255,6464,6459,7237,7138,8858,8831,9267,9105,2018-11-27 12:34:15
8543,8574,9296,9255,6463,6459,7236,7138,8857,8831,9266,9105,2018-11-27 12:37:15
8543,8574,9295,9255,6463,6459,7235,7138,8858,8831,9265,9105,2018-11-27 12:40:16
8542,8574,9295,9255,6463,6459,7235,7138,8857,8831,9265,9105,2018-11-27 12:43:16
8541,8574,9294,9255,6462,6459,7235,7138,8856,8831,9266,9105,2018-11-27 12:46:16
8542,8574,9295,9255,6462,6459,7236,7138,8858,8831,9266,9105,2018-11-27 12:49:16
8540,8574,9294,9255,6462,6459,7234,7138,8856,8831,9265,9105,2018-11-27 12:52:17
8541,8574,9292,9255,6462,6459,7234,7138,8857,8831,9264,9105,2018-11-27 12:55:17
8540,8574,9293,9255,6462,6459,7235,7138,8858,8831,9266,9105,2018-11-27 12:58:17
8540,8574,9294,9255,6463,6459,7235,7138,8859,8831,9268,9105,2018-11-27 13:01:17
8539,8574,9292,9255,6462,6459,7235,7138,8858,8831,9267,9105,2018-11-27 13:04:17
8540,8574,9294,9255,6462,6459,7237,7138,8860,8831,9270,9105,2018-11-27 13:07:17
8539,8574,9293,9255,6463,6459,7237,7138,8860,8831,9271,9105,2018-11-27 13:10:18
8538,8574,9292,9255,6462,6459,7236,7138,8860,8831,9270,9105,2018-11-27 13:13:18
8539,8574,9294,9255,6462,6459,7237,7138,8859,8831,9270,9105,2018-11-27 13:16:18
8540,8574,9294,9255,6463,6459,7237,7138,8860,8831,9270,9105,2018-11-27 13:19:18
8539,8574,9293,9255,6461,6459,7235,7138,8858,8831,9268,9105,2018-11-27 13:22:18
8539,8574,9293,9255,6462,6459,7236,7138,8859,8831,9269,9105,2018-11-27 13:25:19
8539,8574,9291,9255,6462,6459,7234,7138,8859,8831,9267,9105,2018-11-27 13:28:19
8539,8574,9293,9255,6462,6459,7236,7138,8858,8831,9268,9105,2018-11-27 13:31:19
8540,8574,9293,9255,6462,6459,7235,7138,8858,8831,9268,9105,2018-11-27 13:34:19
8539,8574,9293,9255,6462,6459,7235,7138,8858,8831,9268,9105,2018-11-27 13:37:19
8539,8574,9293,9255,6462,6459,7236,7138,8858,8831,9268,9105,2018-11-27 13:40:20
8539,8574,9291,9255,6462,6459,7233,7138,8858,8831,9266,9105,2018-11-27 13:43:20
8539,8574,9292,9255,6461,6459,7234,7138,8857,8831,9266,9105,2018-11-27 13:46:20
8538,8574,9290,9255,6462,6459,7233,7138,8857,8831,9265,9105,2018-11-27 13:49:20
8538,8574,9290,9255,6461,6459,7234,7138,8856,8831,9266,9105,2018-11-27 13:52:20
8538,8574,9290,9255,6462,6459,7233,7138,8858,8831,9266,9105,2018-11-27 13:55:21
8538,8574,9290,9255,6461,6459,7233,7138,8857,8831,9265,9105,2018-11-27 13:58:21
8538,8574,9290,9255,6461,6459,7233,7138,8854,8831,9264,9105,2018-11-27 14:01:21
8537,8574,9291,9255,6460,6459,7233,7138,8854,8831,9264,9105,2018-11-27 14:04:21
8538,8574,9288,9255,6460,6459,7231,7138,8854,8831,9261,9105,2018-11-27 14:07:22
8537,8574,9287,9255,6460,6459,7230,7138,8854,8831,9261,9105,2018-11-27 14:10:22
8538,8574,9289,9255,6460,6459,7231,7138,8854,8831,9261,9105,2018-11-27 14:13:22
8537,8574,9288,9255,6460,6459,7230,7138,8853,8831,9261,9105,2018-11-27 14:16:22
8537,8574,9288,9255,6459,6459,7229,7138,8852,8831,9259,9105,2018-11-27 14:19:22
8537,8574,9287,9255,6460,6459,7229,7138,8852,8831,9259,9105,2018-11-27 14:22:23
8538,8574,9287,9255,6460,6459,7228,7138,8853,8831,9258,9105,2018-11-27 14:25:23
8538,8574,9286,9255,6459,6459,7227,7138,8850,8831,9256,9105,2018-11-27 14:28:23
8539,8574,9286,9255,6460,6459,7227,7138,8851,8831,9257,9105,2018-11-27 14:31:23
8538,8574,9287,9255,6460,6459,7228,7138,8852,8831,9258,9105,2018-11-27 14:34:23
8539,8574,9287,9255,6460,6459,7228,7138,8851,8831,9258,9105,2018-11-27 14:37:24
8539,8574,9288,9255,6459,6459,7228,7138,8850,8831,9256,9105,2018-11-27 14:40:24
8539,8574,9285,9255,6459,6459,7226,7138,8849,8831,9253,9105,2018-11-27 14:43:24
8539,8574,9286,9255,6459,6459,7227,7138,8849,8831,9255,9105,2018-11-27 14:46:24
8541,8574,9285,9255,6460,6459,7226,7138,8851,8831,9253,9105,2018-11-27 14:49:24
8540,8574,9285,9255,6460,6459,7226,7138,8850,8831,9254,9105,2018-11-27 14:52:25
8541,8574,9284,9255,6459,6459,7224,7138,8849,8831,9250,9105,2018-11-27 14:55:25
8542,8574,9285,9255,6459,6459,7225,7138,8848,8831,9251,9105,2018-11-27 14:58:25
8543,8574,9284,9255,6459,6459,7224,7138,8846,8831,9249,9105,2018-11-27 15:01:25
8545,8574,9284,9255,6460,6459,7224,7138,8847,8831,9249,9105,2018-11-27 15:04:26
8545,8574,9283,9255,6460,6459,7223,7138,8847,8831,9247,9105,2018-11-27 15:07:26
8545,8574,9282,9255,6459,6459,7223,7138,8847,8831,9247,9105,2018-11-27 15:10:26
8545,8574,9284,9255,6459,6459,7224,7138,8847,8831,9248,9105,2018-11-27 15:13:26
8546,8574,9284,9255,6460,6459,7224,7138,8846,8831,9248,9105,2018-11-27 15:16:26
8548,8574,9284,9255,6461,6459,7224,7138,8847,8831,9248,9105,2018-11-27 15:19:27
8547,8574,9283,9255,6459,6459,7221,7138,8844,8831,9242,9105,2018-11-27 15:22:27
8548,8574,9282,9255,6459,6459,7220,7138,8843,8831,9240,9105,2018-11-27 15:25:27
8548,8574,9282,9255,6460,6459,7221,7138,8844,8831,9242,9105,2018-11-27 15:28:27
8548,8574,9283,9255,6460,6459,7221,7138,8844,8831,9243,9105,2018-11-27 15:31:27
8548,8574,9282,9255,6460,6459,7221,7138,8843,8831,9242,9105,2018-11-27 15:34:28
8549,8574,9282,9255,6459,6459,7220,7138,8842,8831,9240,9105,2018-11-27 15:37:28
8549,8574,9281,9255,6459,6459,7218,7138,8841,8831,9238,9105,2018-11-27 15:40:28
8550,8574,9282,9255,6459,6459,7218,7138,8842,8831,9238,9105,2018-11-27 15:43:28
8549,8574,9280,9255,6459,6459,7217,7138,8840,8831,9236,9105,2018-11-27 15:46:28
8550,8574,9280,9255,6459,6459,7217,7138,8840,8831,9236,9105,2018-11-27 15:49:29
8549,8574,9279,9255,6458,6459,7217,7138,8838,8831,9235,9105,2018-11-27 15:52:29
8549,8574,9278,9255,6458,6459,7215,7138,8836,8831,9232,9105,2018-11-27 15:55:29
8548,8574,9278,9255,6458,6459,7215,7138,8835,8831,9231,9105,2018-11-27 15:58:29
8549,8574,9280,9255,6458,6459,7215,7138,8836,8831,9234,9105,2018-11-27 16:01:30
8542,8574,9278,9255,6455,6459,7214,7138,8835,8831,9232,9105,2018-11-27 16:04:30
8549,8574,9276,9255,6458,6459,7213,7138,8835,8831,9229,9105,2018-11-27 16:07:30
8549,8574,9278,9255,6458,6459,7213,7138,8832,8831,9229,9105,2018-11-27 16:10:30
8542,8574,9277,9255,6454,6459,7213,7138,8832,8831,9229,9105,2018-11-27 16:13:30
8541,8574,9277,9255,6455,6459,7212,7138,8834,8831,9229,9105,2018-11-27 16:16:30
8541,8574,9273,9255,6454,6459,7210,7138,8832,8831,9224,9105,2018-11-27 16:19:31
8541,8574,9273,9255,6454,6459,7210,7138,8831,8831,9223,9105,2018-11-27 16:22:31
8541,8574,9270,9255,6453,6459,7207,7138,8830,8831,9220,9105,2018-11-27 16:25:31
8542,8574,9271,9255,6454,6459,7208,7138,8831,8831,9219,9105,2018-11-27 16:28:32
8541,8574,9271,9255,6453,6459,7208,7138,8830,8831,9220,9105,2018-11-27 16:31:32
8542,8574,9270,9255,6455,6459,7208,7138,8832,8831,9221,9105,2018-11-27 16:34:32
8550,8574,9269,9255,6458,6459,7207,7138,8833,8831,9219,9105,2018-11-27 16:37:32
8546,8574,9268,9255,6455,6459,7207,7138,8831,8831,9218,9105,2018-11-27 16:40:33
8551,8574,9269,9255,6458,6459,7207,7138,8834,8831,9218,9105,2018-11-27 16:43:33
8551,8574,9269,9255,6457,6459,7207,7138,8832,8831,9218,9105,2018-11-27 16:46:33
8551,8574,9269,9255,6458,6459,7206,7138,8832,8831,9218,9105,2018-11-27 16:49:33
8551,8574,9268,9255,6458,6459,7206,7138,8833,8831,9218,9105,2018-11-27 16:52:34
8550,8574,9268,9255,6457,6459,7205,7138,8832,8831,9217,9105,2018-11-27 16:55:34
8549,8574,9268,9255,6457,6459,7205,7138,8830,8831,9216,9105,2018-11-27 16:58:34
8539,8574,9267,9255,6452,6459,7204,7138,8828,8831,9214,9105,2018-11-27 17:01:34
8549,8574,9268,9255,6457,6459,7205,7138,8830,8831,9216,9105,2018-11-27 17:04:37
8550,8574,9268,9255,6457,6459,7205,7138,8831,8831,9217,9105,2018-11-27 17:07:35
8543,8574,9268,9255,6453,6459,7204,7138,8826,8831,9213,9105,2018-11-27 17:10:35
8545,8574,9269,9255,6453,6459,7204,7138,8827,8831,9213,9105,2018-11-27 17:13:38
8544,8574,9268,9255,6454,6459,7205,7138,8828,8831,9214,9105,2018-11-27 17:16:35
8546,8574,9268,9255,6454,6459,7204,7138,8827,8831,9212,9105,2018-11-27 17:19:36
8547,8574,9268,9255,6454,6459,7203,7138,8825,8831,9209,9105,2018-11-27 17:22:36
8548,8574,9267,9255,6454,6459,7202,7138,8825,8831,9209,9105,2018-11-27 17:25:36
8549,8574,9267,9255,6454,6459,7202,7138,8825,8831,9209,9105,2018-11-27 17:28:37
8551,8574,9268,9255,6455,6459,7203,7138,8827,8831,9211,9105,2018-11-27 17:31:36
8553,8574,9268,9255,6456,6459,7202,7138,8827,8831,9208,9105,2018-11-27 17:34:40
8553,8574,9267,9255,6457,6459,7201,7138,8827,8831,9208,9105,2018-11-27 17:37:37
8552,8574,9265,9255,6456,6459,7200,7138,8825,8831,9205,9105,2018-11-27 17:40:38
8554,8574,9266,9255,6457,6459,7201,7138,8826,8831,9207,9105,2018-11-27 17:43:37
8555,8574,9267,9255,6458,6459,7201,7138,8827,8831,9207,9105,2018-11-27 17:46:37
8555,8574,9265,9255,6457,6459,7200,7138,8825,8831,9205,9105,2018-11-27 17:49:40
8556,8574,9267,9255,6458,6459,7201,7138,8826,8831,9206,9105,2018-11-27 17:52:38
8559,8574,9265,9255,6459,6459,7198,7138,8826,8831,9201,9105,2018-11-27 17:55:39
8562,8574,9266,9255,6460,6459,7200,7138,8829,8831,9204,9105,2018-11-27 17:58:38
8563,8574,9264,9255,6460,6459,7197,7138,8827,8831,9200,9105,2018-11-27 18:01:38
8563,8574,9263,9255,6459,6459,7196,7138,8827,8831,9198,9105,2018-11-27 18:04:42
8563,8574,9263,9255,6459,6459,7197,7138,8827,8831,9199,9105,2018-11-27 18:07:39
8563,8574,9262,9255,6459,6459,7195,7138,8826,8831,9197,9105,2018-11-27 18:10:39
8564,8574,9261,9255,6459,6459,7193,7138,8825,8831,9194,9105,2018-11-27 18:13:39
8563,8574,9261,9255,6459,6459,7194,7138,8825,8831,9195,9105,2018-11-27 18:16:40
8564,8574,9261,9255,6459,6459,7194,7138,8825,8831,9194,9105,2018-11-27 18:19:40
8564,8574,9260,9255,6459,6459,7192,7138,8825,8831,9192,9105,2018-11-27 18:22:42
8564,8574,9260,9255,6459,6459,7193,7138,8826,8831,9194,9105,2018-11-27 18:25:40
8565,8574,9259,9255,6458,6459,7192,7138,8824,8831,9191,9105,2018-11-27 18:28:40
8567,8574,9259,9255,6459,6459,7192,7138,8826,8831,9192,9105,2018-11-27 18:31:40
8569,8574,9259,9255,6460,6459,7191,7138,8827,8831,9189,9105,2018-11-27 18:34:41
8567,8574,9258,9255,6460,6459,7190,7138,8826,8831,9188,9105,2018-11-27 18:37:41
8569,8574,9257,9255,6460,6459,7189,7138,8826,8831,9186,9105,2018-11-27 18:40:41
8569,8574,9257,9255,6460,6459,7189,7138,8826,8831,9186,9105,2018-11-27 18:43:41
8568,8574,9256,9255,6458,6459,7188,7138,8824,8831,9185,9105,2018-11-27 18:46:41
8569,8574,9256,9255,6459,6459,7188,7138,8823,8831,9184,9105,2018-11-27 18:49:42
8576,8574,9254,9255,6461,6459,7185,7138,8839,8831,9180,9105,2018-11-27 18:52:42
8572,8574,9254,9255,6460,6459,7186,7138,8826,8831,9182,9105,2018-11-27 18:55:42
8571,8574,9254,9255,6460,6459,7186,7138,8825,8831,9181,9105,2018-11-27 18:58:42
8571,8574,9253,9255,6459,6459,7185,7138,8825,8831,9180,9105,2018-11-27 19:01:42
8572,8574,9253,9255,6460,6459,7184,7138,8825,8831,9179,9105,2018-11-27 19:04:44
8571,8574,9254,9255,6459,6459,7185,7138,8824,8831,9179,9105,2018-11-27 19:07:43
8570,8574,9252,9255,6458,6459,7183,7138,8821,8831,9176,9105,2018-11-27 19:10:44
8570,8574,9250,9255,6458,6459,7181,7138,8822,8831,9174,9105,2018-11-27 19:13:44
8571,8574,9252,9255,6459,6459,7184,7138,8824,8831,9178,9105,2018-11-27 19:16:44
8571,8574,9251,9255,6458,6459,7183,7138,8823,8831,9176,9105,2018-11-27 19:19:44
8578,8574,9251,9255,6460,6459,7183,7138,8837,8831,9175,9105,2018-11-27 19:22:44
8569,8574,9251,9255,6457,6459,7182,7138,8822,8831,9176,9105,2018-11-27 19:25:44
8571,8574,9251,9255,6458,6459,7183,7138,8823,8831,9175,9105,2018-11-27 19:28:44
8567,8574,9248,9255,6456,6459,7180,7138,8818,8831,9172,9105,2018-11-27 19:31:45
8571,8574,9249,9255,6457,6459,7180,7138,8820,8831,9170,9105,2018-11-27 19:34:45
8573,8574,9248,9255,6458,6459,7180,7138,8823,8831,9171,9105,2018-11-27 19:37:45
8574,8574,9248,9255,6459,6459,7179,7138,8823,8831,9171,9105,2018-11-27 19:40:45
8573,8574,9246,9255,6458,6459,7178,7138,8822,8831,9169,9105,2018-11-27 19:43:45
8576,8574,9248,9255,6460,6459,7180,7138,8824,8831,9172,9105,2018-11-27 19:46:46
8576,8574,9247,9255,6459,6459,7178,7138,8823,8831,9168,9105,2018-11-27 19:49:46
8576,8574,9247,9255,6459,6459,7179,7138,8824,8831,9170,9105,2018-11-27 19:52:46
8579,8574,9246,9255,6461,6459,7178,7138,8830,8831,9169,9105,2018-11-27 19:55:46
8576,8574,9245,9255,6459,6459,7178,7138,8825,8831,9168,9105,2018-11-27 19:58:50
8577,8574,9246,9255,6460,6459,7179,7138,8830,8831,9170,9105,2018-11-27 20:01:48
8579,8574,9246,9255,6460,6459,7178,7138,8831,8831,9170,9105,2018-11-27 20:04:47
8580,8574,9245,9255,6460,6459,7177,7138,8832,8831,9167,9105,2018-11-27 20:07:48
8578,8574,9245,9255,6460,6459,7178,7138,8829,8831,9168,9105,2018-11-27 20:10:47
8579,8574,9244,9255,6460,6459,7177,7138,8831,8831,9166,9105,2018-11-27 20:13:47
8579,8574,9245,9255,6459,6459,7176,7138,8832,8831,9166,9105,2018-11-27 20:16:48
8580,8574,9244,9255,6459,6459,7176,7138,8836,8831,9165,9105,2018-11-27 20:20:19
8575,8574,9246,9255,6461,6459,7182,7138,8842,8831,9178,9105,2018-11-27 20:22:50
8576,8574,9248,9255,6459,6459,7182,7138,8838,8831,9176,9105,2018-11-27 20:25:49
8580,8574,9246,9255,6460,6459,7179,7138,8837,8831,9170,9105,2018-11-27 20:28:49
8577,8574,9246,9255,6458,6459,7178,7138,8834,8831,9168,9105,2018-11-27 20:31:49
8578,8574,9244,9255,6458,6459,7177,7138,8834,8831,9166,9105,2018-11-27 20:34:49
8577,8574,9243,9255,6457,6459,7175,7138,8830,8831,9165,9105,2018-11-27 20:37:49
8576,8574,9242,9255,6458,6459,7175,7138,8832,8831,9165,9105,2018-11-27 20:40:49
8575,8574,9242,9255,6457,6459,7174,7138,8830,8831,9163,9105,2018-11-27 20:43:51
8573,8574,9240,9255,6456,6459,7173,7138,8823,8831,9161,9105,2018-11-27 20:46:50
8574,8574,9241,9255,6455,6459,7173,7138,8824,8831,9161,9105,2018-11-27 20:49:50
8572,8574,9241,9255,6454,6459,7173,7138,8818,8831,9161,9105,2018-11-27 20:52:53
8571,8574,9241,9255,6453,6459,7174,7138,8818,8831,9163,9105,2018-11-27 20:55:51
8570,8574,9240,9255,6453,6459,7172,7138,8817,8831,9160,9105,2018-11-27 20:58:51
8572,8574,9239,9255,6454,6459,7172,7138,8820,8831,9159,9105,2018-11-27 21:01:51
8573,8574,9240,9255,6454,6459,7172,7138,8822,8831,9159,9105,2018-11-27 21:04:52
8575,8574,9239,9255,6454,6459,7172,7138,8825,8831,9158,9105,2018-11-27 21:07:51
8570,8574,9239,9255,6451,6459,7171,7138,8826,8831,9158,9105,2018-11-27 21:10:51
8571,8574,9238,9255,6452,6459,7170,7138,8820,8831,9156,9105,2018-11-27 21:13:52
8567,8574,9237,9255,6449,6459,7169,7138,8814,8831,9154,9105,2018-11-27 21:16:52
8569,8574,9237,9255,6451,6459,7170,7138,8817,8831,9156,9105,2018-11-27 21:19:52
8565,8574,9236,9255,6448,6459,7168,7138,8813,8831,9153,9105,2018-11-27 21:22:52
8563,8574,9236,9255,6448,6459,7168,7138,8814,8831,9154,9105,2018-11-27 21:25:55
8564,8574,9237,9255,6449,6459,7170,7138,8814,8831,9157,9105,2018-11-27 21:28:53
8563,8574,9237,9255,6448,6459,7170,7138,8812,8831,9157,9105,2018-11-27 21:31:53
8562,8574,9236,9255,6448,6459,7169,7138,8809,8831,9155,9105,2018-11-27 21:34:53
8561,8574,9236,9255,6446,6459,7168,7138,8806,8831,9153,9105,2018-11-27 21:37:53
8560,8574,9235,9255,6447,6459,7167,7138,8806,8831,9153,9105,2018-11-27 21:40:54
8559,8574,9234,9255,6447,6459,7168,7138,8806,8831,9153,9105,2018-11-27 21:43:54
8559,8574,9234,9255,6446,6459,7167,7138,8805,8831,9152,9105,2018-11-27 21:46:54
8560,8574,9234,9255,6447,6459,7167,7138,8806,8831,9152,9105,2018-11-27 21:49:54
8559,8574,9234,9255,6445,6459,7166,7138,8804,8831,9151,9105,2018-11-27 21:52:54
8558,8574,9234,9255,6446,6459,7167,7138,8805,8831,9152,9105,2018-11-27 21:55:55
8557,8574,9233,9255,6445,6459,7166,7138,8804,8831,9150,9105,2018-11-27 21:58:55
8557,8574,9231,9255,6445,6459,7164,7138,8802,8831,9147,9105,2018-11-27 22:01:55
8557,8574,9232,9255,6445,6459,7165,7138,8802,8831,9150,9105,2018-11-27 22:04:55
8556,8574,9231,9255,6444,6459,7165,7138,8802,8831,9149,9105,2018-11-27 22:07:55
8554,8574,9231,9255,6443,6459,7164,7138,8802,8831,9148,9105,2018-11-27 22:10:56
8554,8574,9229,9255,6444,6459,7164,7138,8802,8831,9147,9105,2018-11-27 22:13:56
8556,8574,9231,9255,6444,6459,7164,7138,8807,8831,9149,9105,2018-11-27 22:16:56
8553,8574,9230,9255,6443,6459,7163,7138,8803,8831,9147,9105,2018-11-27 22:19:56
8552,8574,9230,9255,6443,6459,7164,7138,8803,8831,9149,9105,2018-11-27 22:22:56
8553,8574,9230,9255,6443,6459,7164,7138,8805,8831,9149,9105,2018-11-27 22:25:57
8552,8574,9229,9255,6444,6459,7164,7138,8805,8831,9148,9105,2018-11-27 22:28:57
8547,8574,9228,9255,6442,6459,7162,7138,8801,8831,9145,9105,2018-11-27 22:31:57
8545,8574,9228,9255,6441,6459,7162,7138,8799,8831,9145,9105,2018-11-27 22:34:57
8547,8574,9226,9255,6443,6459,7161,7138,8802,8831,9145,9105,2018-11-27 22:37:57
8544,8574,9227,9255,6441,6459,7162,7138,8800,8831,9147,9105,2018-11-27 22:40:58
8545,8574,9227,9255,6442,6459,7162,7138,8801,8831,9146,9105,2018-11-27 22:43:58
8545,8574,9226,9255,6443,6459,7161,7138,8803,8831,9145,9105,2018-11-27 22:46:59
8544,8574,9226,9255,6441,6459,7162,7138,8801,8831,9145,9105,2018-11-27 22:49:59
8545,8574,9225,9255,6441,6459,7161,7138,8801,8831,9145,9105,2018-11-27 22:53:00
8541,8574,9227,9255,6443,6459,7162,7138,8803,8831,9148,9105,2018-11-27 22:55:59
8543,8574,9226,9255,6442,6459,7162,7138,8801,8831,9147,9105,2018-11-27 22:59:00
8544,8574,9227,9255,6442,6459,7164,7138,8803,8831,9150,9105,2018-11-27 23:01:59
8543,8574,9225,9255,6442,6459,7161,7138,8802,8831,9146,9105,2018-11-27 23:04:59
8541,8574,9225,9255,6440,6459,7162,7138,8799,8831,9147,9105,2018-11-27 23:08:00
8542,8574,9225,9255,6441,6459,7161,7138,8801,8831,9147,9105,2018-11-27 23:11:00
8542,8574,9224,9255,6441,6459,7160,7138,8800,8831,9144,9105,2018-11-27 23:14:00
8542,8574,9224,9255,6441,6459,7160,7138,8801,8831,9145,9105,2018-11-27 23:17:01
8542,8574,9223,9255,6441,6459,7160,7138,8801,8831,9144,9105,2018-11-27 23:20:00
8542,8574,9223,9255,6441,6459,7159,7138,8801,8831,9144,9105,2018-11-27 23:23:01
8541,8574,9224,9255,6440,6459,7161,7138,8800,8831,9146,9105,2018-11-27 23:26:01
8542,8574,9223,9255,6441,6459,7160,7138,8801,8831,9145,9105,2018-11-27 23:29:01
8543,8574,9221,9255,6442,6459,7159,7138,8803,8831,9145,9105,2018-11-27 23:32:01
8542,8574,9221,9255,6441,6459,7159,7138,8801,8831,9143,9105,2018-11-27 23:35:01
8546,8574,9223,9255,6443,6459,7160,7138,8806,8831,9146,9105,2018-11-27 23:38:03
8542,8574,9222,9255,6440,6459,7160,7138,8802,8831,9146,9105,2018-11-27 23:41:03
8540,8574,9221,9255,6440,6459,7159,7138,8801,8831,9144,9105,2018-11-27 23:44:02
8541,8574,9221,9255,6441,6459,7159,7138,8802,8831,9144,9105,2018-11-27 23:47:03
8542,8574,9221,9255,6442,6459,7158,7138,8803,8831,9143,9105,2018-11-27 23:50:03
8540,8574,9221,9255,6439,6459,7159,7138,8799,8831,9145,9105,2018-11-27 23:53:03
8544,8574,9220,9255,6442,6459,7157,7138,8803,8831,9142,9105,2018-11-27 23:56:03
8545,8574,9221,9255,6442,6459,7159,7138,8804,8831,9144,9105,2018-11-27 23:59:06
8549,8574,9222,9255,6445,6459,7160,7138,8810,8831,9147,9105,2018-11-28 00:02:03
8550,8574,9221,9255,6445,6459,7161,7138,8811,8831,9148,9105,2018-11-28 00:05:04
8550,8574,9223,9255,6445,6459,7161,7138,8811,8831,9148,9105,2018-11-28 00:08:04
8550,8574,9221,9255,6445,6459,7160,7138,8811,8831,9147,9105,2018-11-28 00:11:05
8550,8574,9222,9255,6445,6459,7161,7138,8811,8831,9148,9105,2018-11-28 00:14:04
8549,8574,9220,9255,6444,6459,7159,7138,8809,8831,9144,9105,2018-11-28 00:17:04
8549,8574,9221,9255,6444,6459,7159,7138,8809,8831,9145,9105,2018-11-28 00:20:04
8543,8574,9220,9255,6442,6459,7158,7138,8804,8831,9144,9105,2018-11-28 00:23:06
8548,8574,9220,9255,6444,6459,7159,7138,8809,8831,9147,9105,2018-11-28 00:26:05
8544,8574,9220,9255,6442,6459,7159,7138,8806,8831,9146,9105,2018-11-28 00:29:05
8548,8574,9219,9255,6444,6459,7158,7138,8808,8831,9144,9105,2018-11-28 00:32:06
8548,8574,9219,9255,6443,6459,7158,7138,8807,8831,9143,9105,2018-11-28 00:35:06
8547,8574,9217,9255,6443,6459,7156,7138,8806,8831,9141,9105,2018-11-28 00:38:06
8542,8574,9216,9255,6441,6459,7156,7138,8803,8831,9141,9105,2018-11-28 00:41:06
8543,8574,9215,9255,6441,6459,7156,7138,8804,8831,9140,9105,2018-11-28 00:44:07
8543,8574,9217,9255,6441,6459,7157,7138,8805,8831,9143,9105,2018-11-28 00:47:06
8544,8574,9216,9255,6442,6459,7157,7138,8807,8831,9143,9105,2018-11-28 00:50:07
8544,8574,9218,9255,6442,6459,7158,7138,8807,8831,9146,9105,2018-11-28 00:53:07
8543,8574,9217,9255,6441,6459,7158,7138,8805,8831,9143,9105,2018-11-28 00:56:07
8544,8574,9216,9255,6442,6459,7157,7138,8806,8831,9143,9105,2018-11-28 00:59:07
8543,8574,9216,9255,6441,6459,7156,7138,8806,8831,9142,9105,2018-11-28 01:39:15
8544,8574,9216,9255,6442,6459,7156,7138,8807,8831,9143,9105,2018-11-28 01:39:40
8543,8574,9216,9255,6441,6459,7157,7138,8806,8831,9144,9105,2018-11-28 01:39:47
8544,8574,9215,9255,6441,6459,7155,7138,8806,8831,9142,9105,2018-11-28 01:39:53
8543,8574,9215,9255,6442,6459,7157,7138,8807,8831,9143,9105,2018-11-28 01:40:02
8544,8574,9215,9255,6442,6459,7156,7138,8806,8831,9142,9105,2018-11-28 01:40:07
8543,8574,9213,9255,6441,6459,7155,7138,8806,8831,9141,9105,2018-11-28 01:40:15
8543,8574,9213,9255,6441,6459,7155,7138,8805,8831,9140,9105,2018-11-28 01:40:20
8544,8574,9214,9255,6442,6459,7155,7138,8807,8831,9141,9105,2018-11-28 01:40:26
8543,8574,9214,9255,6442,6459,7156,7138,8807,8831,9144,9105,2018-11-28 01:40:31
8544,8574,9211,9255,6441,6459,7154,7138,8805,8831,9140,9105,2018-11-28 01:40:37
8542,8574,9213,9255,6441,6459,7155,7138,8805,8831,9142,9105,2018-11-28 01:40:42
8542,8574,9212,9255,6440,6459,7154,7138,8804,8831,9140,9105,2018-11-28 01:40:48
8542,8574,9212,9255,6441,6459,7155,7138,8805,8831,9142,9105,2018-11-28 01:41:10
8543,8574,9210,9255,6441,6459,7153,7138,8806,8831,9139,9105,2018-11-28 01:44:10
8542,8574,9210,9255,6441,6459,7153,7138,8806,8831,9139,9105,2018-11-28 01:47:11
8542,8574,9211,9255,6440,6459,7153,7138,8804,8831,9140,9105,2018-11-28 01:50:11
8543,8574,9210,9255,6441,6459,7153,7138,8804,8831,9139,9105,2018-11-28 01:53:11
8542,8574,9209,9255,6440,6459,7153,7138,8805,8831,9139,9105,2018-11-28 01:56:11
8540,8574,9210,9255,6439,6459,7153,7138,8804,8831,9140,9105,2018-11-28 01:59:11
8539,8574,9207,9255,6439,6459,7151,7138,8801,8831,9136,9105,2018-11-28 02:02:13
8539,8574,9210,9255,6440,6459,7154,7138,8804,8831,9141,9105,2018-11-28 02:05:12
8539,8574,9212,9255,6440,6459,7156,7138,8805,8831,9143,9105,2018-11-28 02:08:12
8539,8574,9211,9255,6440,6459,7155,7138,8804,8831,9142,9105,2018-11-28 02:11:12
8539,8574,9211,9255,6441,6459,7156,7138,8805,8831,9143,9105,2018-11-28 02:14:14
8539,8574,9210,9255,6440,6459,7155,7138,8804,8831,9142,9105,2018-11-28 02:17:13
8539,8574,9210,9255,6440,6459,7154,7138,8804,8831,9141,9105,2018-11-28 02:20:14
8539,8574,9211,9255,6440,6459,7155,7138,8805,8831,9143,9105,2018-11-28 02:23:15
8539,8574,9213,9255,6441,6459,7157,7138,8806,8831,9146,9105,2018-11-28 02:26:13
8539,8574,9209,9255,6440,6459,7155,7138,8803,8831,9141,9105,2018-11-28 02:29:14
8538,8574,9210,9255,6440,6459,7155,7138,8804,8831,9142,9105,2018-11-28 02:32:14
8537,8574,9208,9255,6439,6459,7152,7138,8802,8831,9139,9105,2018-11-28 02:35:14
8537,8574,9209,9255,6439,6459,7154,7138,8803,8831,9142,9105,2018-11-28 02:38:14
8535,8574,9209,9255,6439,6459,7154,7138,8802,8831,9142,9105,2018-11-28 02:41:14
8536,8574,9209,9255,6440,6459,7155,7138,8803,8831,9143,9105,2018-11-28 02:44:16
8534,8574,9209,9255,6439,6459,7154,7138,8802,8831,9143,9105,2018-11-28 02:47:15
8535,8574,9208,9255,6438,6459,7154,7138,8801,8831,9142,9105,2018-11-28 02:50:15
8534,8574,9209,9255,6438,6459,7155,7138,8800,8831,9142,9105,2018-11-28 02:53:15
8536,8574,9210,9255,6439,6459,7155,7138,8803,8831,9144,9105,2018-11-28 02:56:16
8535,8574,9207,9255,6440,6459,7154,7138,8803,8831,9142,9105,2018-11-28 02:59:17
8535,8574,9209,9255,6440,6459,7155,7138,8803,8831,9143,9105,2018-11-28 03:02:17
8534,8574,9207,9255,6439,6459,7153,7138,8801,8831,9141,9105,2018-11-28 03:05:16
8535,8574,9208,9255,6439,6459,7154,7138,8802,8831,9142,9105,2018-11-28 03:08:16
8533,8574,9206,9255,6438,6459,7153,7138,8799,8831,9140,9105,2018-11-28 03:11:17
8532,8574,9207,9255,6438,6459,7154,7138,8800,8831,9142,9105,2018-11-28 03:14:17
8532,8574,9206,9255,6437,6459,7152,7138,8798,8831,9139,9105,2018-11-28 03:17:17
8533,8574,9206,9255,6438,6459,7153,7138,8800,8831,9141,9105,2018-11-28 03:20:17
8532,8574,9207,9255,6437,6459,7153,7138,8799,8831,9141,9105,2018-11-28 03:23:17
8532,8574,9205,9255,6437,6459,7152,7138,8800,8831,9139,9105,2018-11-28 03:26:17
8538,8574,9207,9255,6441,6459,7153,7138,8805,8831,9140,9105,2018-11-28 03:29:18
8536,8574,9206,9255,6440,6459,7153,7138,8803,8831,9140,9105,2018-11-28 03:32:19
8536,8574,9207,9255,6440,6459,7154,7138,8804,8831,9142,9105,2018-11-28 03:35:18
8538,8574,9207,9255,6440,6459,7153,7138,8803,8831,9140,9105,2018-11-28 03:38:18
8536,8574,9205,9255,6439,6459,7151,7138,8803,8831,9138,9105,2018-11-28 03:41:19
8535,8574,9205,9255,6439,6459,7152,7138,8802,8831,9140,9105,2018-11-28 03:44:19
8538,8574,9206,9255,6440,6459,7153,7138,8805,8831,9140,9105,2018-11-28 03:47:19
8537,8574,9208,9255,6440,6459,7154,7138,8804,8831,9142,9105,2018-11-28 03:50:19
8537,8574,9205,9255,6440,6459,7152,7138,8804,8831,9140,9105,2018-11-28 03:53:21
8537,8574,9208,9255,6440,6459,7155,7138,8805,8831,9143,9105,2018-11-28 03:56:21
8537,8574,9208,9255,6440,6459,7155,7138,8804,8831,9143,9105,2018-11-28 03:59:21
8538,8574,9208,9255,6440,6459,7154,7138,8804,8831,9142,9105,2018-11-28 04:02:20
8537,8574,9206,9255,6439,6459,7152,7138,8803,8831,9139,9105,2018-11-28 04:05:20
8536,8574,9205,9255,6438,6459,7152,7138,8801,8831,9138,9105,2018-11-28 04:08:20
8537,8574,9207,9255,6439,6459,7153,7138,8802,8831,9139,9105,2018-11-28 04:11:21
8537,8574,9206,9255,6439,6459,7152,7138,8802,8831,9138,9105,2018-11-28 04:14:21
8537,8574,9206,9255,6439,6459,7152,7138,8801,8831,9138,9105,2018-11-28 04:17:21
8537,8574,9206,9255,6439,6459,7152,7138,8802,8831,9137,9105,2018-11-28 04:20:21
8537,8574,9205,9255,6439,6459,7151,7138,8801,8831,9136,9105,2018-11-28 04:23:21
8534,8574,9203,9255,6436,6459,7149,7138,8797,8831,9133,9105,2018-11-28 04:26:22
8533,8574,9204,9255,6436,6459,7150,7138,8796,8831,9135,9105,2018-11-28 04:29:22
8532,8574,9205,9255,6436,6459,7151,7138,8796,8831,9136,9105,2018-11-28 04:32:22
8531,8574,9204,9255,6434,6459,7149,7138,8793,8831,9134,9105,2018-11-28 04:35:22
8531,8574,9204,9255,6435,6459,7150,7138,8794,8831,9135,9105,2018-11-28 04:38:22
8532,8574,9205,9255,6435,6459,7150,7138,8794,8831,9135,9105,2018-11-28 04:41:23
8531,8574,9203,9255,6434,6459,7149,7138,8794,8831,9133,9105,2018-11-28 04:44:23
8530,8574,9204,9255,6434,6459,7151,7138,8794,8831,9135,9105,2018-11-28 04:47:24
8531,8574,9204,9255,6436,6459,7151,7138,8796,8831,9136,9105,2018-11-28 04:50:23
8531,8574,9204,9255,6434,6459,7150,7138,8793,8831,9134,9105,2018-11-28 04:53:23
8531,8574,9204,9255,6434,6459,7149,7138,8793,8831,9133,9105,2018-11-28 04:56:24
8530,8574,9203,9255,6433,6459,7148,7138,8791,8831,9131,9105,2018-11-28 04:59:24
8530,8574,9201,9255,6434,6459,7148,7138,8792,8831,9131,9105,2018-11-28 05:02:24
8530,8574,9202,9255,6434,6459,7148,7138,8793,8831,9132,9105,2018-11-28 05:05:25
8531,8574,9204,9255,6435,6459,7149,7138,8793,8831,9134,9105,2018-11-28 05:08:25
8531,8574,9203,9255,6435,6459,7149,7138,8794,8831,9133,9105,2018-11-28 05:11:25
8530,8574,9203,9255,6434,6459,7149,7138,8792,8831,9133,9105,2018-11-28 05:14:25
8531,8574,9202,9255,6435,6459,7148,7138,8793,8831,9131,9105,2018-11-28 05:17:25
8530,8574,9201,9255,6435,6459,7147,7138,8792,8831,9130,9105,2018-11-28 05:20:27
8530,8574,9202,9255,6435,6459,7149,7138,8794,8831,9133,9105,2018-11-28 05:23:26
8531,8574,9202,9255,6435,6459,7149,7138,8794,8831,9133,9105,2018-11-28 05:26:26
8530,8574,9203,9255,6434,6459,7148,7138,8791,8831,9131,9105,2018-11-28 05:29:26
8531,8574,9203,9255,6434,6459,7148,7138,8792,8831,9131,9105,2018-11-28 05:32:26
8529,8574,9201,9255,6434,6459,7147,7138,8792,8831,9130,9105,2018-11-28 05:35:28
8530,8574,9203,9255,6435,6459,7149,7138,8793,8831,9133,9105,2018-11-28 05:38:27
8530,8574,9202,9255,6434,6459,7147,7138,8791,8831,9130,9105,2018-11-28 05:41:28
8530,8574,9200,9255,6434,6459,7146,7138,8790,8831,9128,9105,2018-11-28 05:44:27
8530,8574,9201,9255,6433,6459,7146,7138,8789,8831,9129,9105,2018-11-28 05:47:27
8530,8574,9201,9255,6434,6459,7146,7138,8789,8831,9129,9105,2018-11-28 05:50:27
8530,8574,9200,9255,6434,6459,7146,7138,8790,8831,9128,9105,2018-11-28 05:53:28
8530,8574,9199,9255,6434,6459,7146,7138,8791,8831,9128,9105,2018-11-28 05:56:28
8529,8574,9198,9255,6433,6459,7145,7138,8789,8831,9126,9105,2018-11-28 05:59:28
8530,8574,9199,9255,6434,6459,7145,7138,8790,8831,9126,9105,2018-11-28 06:02:28
8529,8574,9198,9255,6433,6459,7144,7138,8789,8831,9125,9105,2018-11-28 06:05:28
8529,8574,9198,9255,6433,6459,7144,7138,8788,8831,9125,9105,2018-11-28 06:08:29
8530,8574,9199,9255,6434,6459,7145,7138,8791,8831,9128,9105,2018-11-28 06:11:29
8529,8574,9199,9255,6434,6459,7145,7138,8790,8831,9128,9105,2018-11-28 06:14:29
8529,8574,9198,9255,6433,6459,7144,7138,8790,8831,9127,9105,2018-11-28 06:17:29
8528,8574,9197,9255,6433,6459,7144,7138,8788,8831,9126,9105,2018-11-28 06:20:30
8529,8574,9199,9255,6434,6459,7145,7138,8790,8831,9128,9105,2018-11-28 06:23:30
8529,8574,9198,9255,6433,6459,7145,7138,8789,8831,9127,9105,2018-11-28 06:26:30
8528,8574,9198,9255,6434,6459,7145,7138,8790,8831,9127,9105,2018-11-28 06:29:30
8528,8574,9199,9255,6433,6459,7146,7138,8791,8831,9130,9105,2018-11-28 06:32:30
8529,8574,9198,9255,6434,6459,7145,7138,8790,8831,9128,9105,2018-11-28 06:35:31
8528,8574,9198,9255,6434,6459,7145,7138,8790,8831,9127,9105,2018-11-28 06:38:31
8526,8574,9195,9255,6432,6459,7143,7138,8788,8831,9125,9105,2018-11-28 06:41:31
8528,8574,9197,9255,6433,6459,7145,7138,8789,8831,9127,9105,2018-11-28 06:44:32
8527,8574,9197,9255,6432,6459,7144,7138,8788,8831,9126,9105,2018-11-28 06:47:32
8527,8574,9195,9255,6433,6459,7143,7138,8789,8831,9125,9105,2018-11-28 06:50:32
8526,8574,9194,9255,6432,6459,7142,7138,8788,8831,9123,9105,2018-11-28 06:53:32
8526,8574,9194,9255,6432,6459,7142,7138,8787,8831,9123,9105,2018-11-28 06:56:32
8526,8574,9194,9255,6433,6459,7142,7138,8789,8831,9124,9105,2018-11-28 06:59:33
8526,8574,9194,9255,6433,6459,7143,7138,8788,8831,9126,9105,2018-11-28 07:02:33
8527,8574,9195,9255,6433,6459,7144,7138,8790,8831,9127,9105,2018-11-28 07:05:33
8527,8574,9195,9255,6433,6459,7144,7138,8791,8831,9127,9105,2018-11-28 07:08:33
8527,8574,9194,9255,6433,6459,7143,7138,8790,8831,9127,9105,2018-11-28 07:11:33
8527,8574,9195,9255,6433,6459,7143,7138,8789,8831,9126,9105,2018-11-28 07:14:33
8526,8574,9194,9255,6433,6459,7144,7138,8789,8831,9126,9105,2018-11-28 07:17:33
8527,8574,9195,9255,6433,6459,7144,7138,8791,8831,9129,9105,2018-11-28 07:20:34
8526,8574,9195,9255,6433,6459,7144,7138,8790,8831,9127,9105,2018-11-28 07:23:34
8527,8574,9194,9255,6433,6459,7144,7138,8790,8831,9126,9105,2018-11-28 07:26:35
8527,8574,9195,9255,6434,6459,7145,7138,8792,8831,9129,9105,2018-11-28 07:29:34
8526,8574,9195,9255,6433,6459,7145,7138,8791,8831,9129,9105,2018-11-28 07:32:35
8525,8574,9196,9255,6432,6459,7144,7138,8789,8831,9129,9105,2018-11-28 07:35:35
8525,8574,9193,9255,6432,6459,7143,7138,8788,8831,9126,9105,2018-11-28 07:38:35
8525,8574,9195,9255,6432,6459,7144,7138,8789,8831,9127,9105,2018-11-28 07:41:35
8524,8574,9194,9255,6431,6459,7143,7138,8787,8831,9126,9105,2018-11-28 07:44:35
8525,8574,9194,9255,6431,6459,7143,7138,8788,8831,9126,9105,2018-11-28 07:47:36
8525,8574,9194,9255,6432,6459,7143,7138,8788,8831,9125,9105,2018-11-28 07:50:36
8526,8574,9195,9255,6433,6459,7144,7138,8789,8831,9127,9105,2018-11-28 07:53:36
8525,8574,9194,9255,6432,6459,7142,7138,8788,8831,9125,9105,2018-11-28 07:56:36
8525,8574,9195,9255,6432,6459,7144,7138,8789,8831,9127,9105,2018-11-28 07:59:37
8525,8574,9192,9255,6431,6459,7141,7138,8787,8831,9124,9105,2018-11-28 08:02:36
8524,8574,9193,9255,6431,6459,7142,7138,8787,8831,9124,9105,2018-11-28 08:05:36
8524,8574,9194,9255,6431,6459,7142,7138,8786,8831,9125,9105,2018-11-28 08:08:36
8524,8574,9192,9255,6431,6459,7141,7138,8786,8831,9123,9105,2018-11-28 08:11:37
8525,8574,9192,9255,6431,6459,7142,7138,8787,8831,9124,9105,2018-11-28 08:14:37
8523,8574,9193,9255,6430,6459,7142,7138,8786,8831,9124,9105,2018-11-28 08:17:37
8525,8574,9191,9255,6431,6459,7140,7138,8787,8831,9122,9105,2018-11-28 08:20:37
8524,8574,9191,9255,6430,6459,7140,7138,8786,8831,9122,9105,2018-11-28 08:23:38
8523,8574,9192,9255,6430,6459,7141,7138,8785,8831,9123,9105,2018-11-28 08:26:38
8523,8574,9191,9255,6430,6459,7141,7138,8785,8831,9123,9105,2018-11-28 08:29:38
8524,8574,9192,9255,6430,6459,7142,7138,8786,8831,9124,9105,2018-11-28 08:32:38
8525,8574,9191,9255,6431,6459,7141,7138,8787,8831,9123,9105,2018-11-28 08:35:38
8524,8574,9190,9255,6431,6459,7141,7138,8787,8831,9123,9105,2018-11-28 08:38:39
8523,8574,9191,9255,6430,6459,7141,7138,8786,8831,9123,9105,2018-11-28 08:41:39
8523,8574,9191,9255,6431,6459,7141,7138,8787,8831,9124,9105,2018-11-28 08:44:39
8524,8574,9190,9255,6431,6459,7140,7138,8786,8831,9122,9105,2018-11-28 08:47:39
8523,8574,9190,9255,6430,6459,7141,7138,8786,8831,9124,9105,2018-11-28 08:50:39
8522,8574,9189,9255,6430,6459,7140,7138,8786,8831,9123,9105,2018-11-28 08:53:40
8521,8574,9189,9255,6430,6459,7140,7138,8786,8831,9124,9105,2018-11-28 08:56:40
8522,8574,9188,9255,6431,6459,7140,7138,8788,8831,9123,9105,2018-11-28 08:59:40
8520,8574,9188,9255,6430,6459,7140,7138,8787,8831,9123,9105,2018-11-28 09:02:40
8520,8574,9189,9255,6430,6459,7141,7138,8787,8831,9124,9105,2018-11-28 09:05:40
8520,8574,9189,9255,6430,6459,7141,7138,8787,8831,9125,9105,2018-11-28 09:08:41
8520,8574,9189,9255,6430,6459,7141,7138,8787,8831,9126,9105,2018-11-28 09:11:41
8519,8574,9188,9255,6429,6459,7141,7138,8787,8831,9126,9105,2018-11-28 09:14:41
8519,8574,9187,9255,6430,6459,7141,7138,8787,8831,9125,9105,2018-11-28 09:17:41
8520,8574,9189,9255,6431,6459,7142,7138,8789,8831,9127,9105,2018-11-28 09:20:41
8519,8574,9187,9255,6430,6459,7141,7138,8788,8831,9126,9105,2018-11-28 09:23:42
8519,8574,9188,9255,6430,6459,7142,7138,8788,8831,9128,9105,2018-11-28 09:26:42
8519,8574,9188,9255,6430,6459,7142,7138,8789,8831,9128,9105,2018-11-28 09:29:42
8518,8574,9188,9255,6430,6459,7141,7138,8788,8831,9127,9105,2018-11-28 09:32:42
8519,8574,9187,9255,6430,6459,7141,7138,8789,8831,9127,9105,2018-11-28 09:35:43
8518,8574,9188,9255,6430,6459,7143,7138,8790,8831,9130,9105,2018-11-28 09:38:43
8517,8574,9186,9255,6430,6459,7141,7138,8790,8831,9128,9105,2018-11-28 09:41:43
8516,8574,9185,9255,6429,6459,7141,7138,8788,8831,9127,9105,2018-11-28 09:44:43
8517,8574,9187,9255,6429,6459,7142,7138,8789,8831,9129,9105,2018-11-28 09:47:43
8516,8574,9187,9255,6429,6459,7142,7138,8789,8831,9130,9105,2018-11-28 09:50:44
8517,8574,9186,9255,6430,6459,7143,7138,8790,8831,9131,9105,2018-11-28 09:53:44
8517,8574,9186,9255,6430,6459,7143,7138,8791,8831,9130,9105,2018-11-28 09:56:44
8515,8574,9188,9255,6429,6459,7143,7138,8790,8831,9132,9105,2018-11-28 09:59:44
8515,8574,9185,9255,6429,6459,7142,7138,8790,8831,9130,9105,2018-11-28 10:02:44
8514,8574,9186,9255,6428,6459,7143,7138,8790,8831,9131,9105,2018-11-28 10:05:45
8515,8574,9186,9255,6430,6459,7143,7138,8792,8831,9132,9105,2018-11-28 10:08:45
8513,8574,9184,9255,6429,6459,7142,7138,8790,8831,9131,9105,2018-11-28 10:11:45
8514,8574,9187,9255,6430,6459,7145,7138,8792,8831,9135,9105,2018-11-28 10:14:45
8512,8574,9185,9255,6429,6459,7143,7138,8791,8831,9134,9105,2018-11-28 10:17:45
8512,8574,9184,9255,6429,6459,7143,7138,8792,8831,9134,9105,2018-11-28 10:20:46
8512,8574,9185,9255,6430,6459,7145,7138,8794,8831,9137,9105,2018-11-28 10:23:46
8511,8574,9185,9255,6430,6459,7145,7138,8794,8831,9138,9105,2018-11-28 10:26:46
8511,8574,9185,9255,6430,6459,7146,7138,8795,8831,9140,9105,2018-11-28 10:29:46
8511,8574,9186,9255,6430,6459,7147,7138,8797,8831,9142,9105,2018-11-28 10:32:46
8508,8574,9183,9255,6428,6459,7145,7138,8794,8831,9139,9105,2018-11-28 10:35:47
8508,8574,9185,9255,6428,6459,7146,7138,8793,8831,9140,9105,2018-11-28 10:38:47
8508,8574,9186,9255,6429,6459,7148,7138,8796,8831,9144,9105,2018-11-28 10:41:48
8508,8574,9184,9255,6429,6459,7146,7138,8796,8831,9142,9105,2018-11-28 10:44:47
8508,8574,9186,9255,6429,6459,7148,7138,8796,8831,9144,9105,2018-11-28 10:47:48
8507,8574,9184,9255,6429,6459,7147,7138,8797,8831,9144,9105,2018-11-28 10:50:48
8506,8574,9183,9255,6428,6459,7147,7138,8797,8831,9144,9105,2018-11-28 10:53:48
8504,8574,9184,9255,6428,6459,7148,7138,8797,8831,9145,9105,2018-11-28 10:56:48
8506,8574,9184,9255,6429,6459,7148,7138,8799,8831,9147,9105,2018-11-28 10:59:48
8504,8574,9184,9255,6428,6459,7148,7138,8797,8831,9147,9105,2018-11-28 11:02:49
8503,8574,9183,9255,6428,6459,7149,7138,8798,8831,9149,9105,2018-11-28 11:05:49
8503,8574,9184,9255,6428,6459,7149,7138,8798,8831,9149,9105,2018-11-28 11:08:49
8501,8574,9182,9255,6427,6459,7149,7138,8798,8831,9148,9105,2018-11-28 11:11:49
8502,8574,9183,9255,6429,6459,7150,7138,8801,8831,9151,9105,2018-11-28 11:14:49
8501,8574,9182,9255,6429,6459,7149,7138,8801,8831,9151,9105,2018-11-28 11:17:50
8502,8574,9183,9255,6429,6459,7151,7138,8801,8831,9152,9105,2018-11-28 11:20:50
8500,8574,9183,9255,6428,6459,7151,7138,8800,8831,9154,9105,2018-11-28 11:23:50
8500,8574,9182,9255,6428,6459,7151,7138,8801,8831,9153,9105,2018-11-28 11:26:50
8500,8574,9182,9255,6428,6459,7152,7138,8802,8831,9155,9105,2018-11-28 11:29:50
8498,8574,9183,9255,6428,6459,7152,7138,8802,8831,9156,9105,2018-11-28 11:32:51
8497,8574,9181,9255,6427,6459,7151,7138,8802,8831,9155,9105,2018-11-28 11:35:51
8498,8574,9182,9255,6428,6459,7152,7138,8803,8831,9156,9105,2018-11-28 11:38:51
8496,8574,9181,9255,6427,6459,7152,7138,8802,8831,9157,9105,2018-11-28 11:41:51
8497,8574,9183,9255,6429,6459,7154,7138,8805,8831,9160,9105,2018-11-28 11:44:52
8496,8574,9183,9255,6428,6459,7154,7138,8804,8831,9160,9105,2018-11-28 11:47:52
8496,8574,9183,9255,6429,6459,7155,7138,8805,8831,9161,9105,2018-11-28 11:50:52
8496,8574,9183,9255,6428,6459,7155,7138,8804,8831,9161,9105,2018-11-28 11:53:52
8495,8574,9183,9255,6428,6459,7156,7138,8804,8831,9163,9105,2018-11-28 11:56:52
8496,8574,9183,9255,6428,6459,7155,7138,8806,8831,9163,9105,2018-11-28 11:59:53
8495,8574,9184,9255,6428,6459,7155,7138,8806,8831,9164,9105,2018-11-28 12:02:53
8494,8574,9184,9255,6427,6459,7156,7138,8805,8831,9164,9105,2018-11-28 12:05:53
8494,8574,9183,9255,6427,6459,7155,7138,8805,8831,9163,9105,2018-11-28 12:08:53
8495,8574,9186,9255,6429,6459,7157,7138,8808,8831,9166,9105,2018-11-28 12:11:53
8495,8574,9184,9255,6428,6459,7156,7138,8807,8831,9165,9105,2018-11-28 12:14:54
8494,8574,9185,9255,6428,6459,7157,7138,8807,8831,9166,9105,2018-11-28 12:17:54
8494,8574,9186,9255,6428,6459,7158,7138,8807,8831,9168,9105,2018-11-28 12:20:54
8494,8574,9184,9255,6427,6459,7157,7138,8805,8831,9165,9105,2018-11-28 12:23:54
8494,8574,9186,9255,6428,6459,7158,7138,8806,8831,9167,9105,2018-11-28 12:26:55
8495,8574,9185,9255,6429,6459,7158,7138,8808,8831,9166,9105,2018-11-28 12:29:55
8495,8574,9186,9255,6428,6459,7158,7138,8807,8831,9167,9105,2018-11-28 12:32:55
8495,8574,9185,9255,6428,6459,7157,7138,8807,8831,9165,9105,2018-11-28 12:35:55
8496,8574,9187,9255,6429,6459,7158,7138,8808,8831,9167,9105,2018-11-28 12:38:55
8497,8574,9187,9255,6429,6459,7158,7138,8806,8831,9167,9105,2018-11-28 12:41:55
8495,8574,9185,9255,6428,6459,7156,7138,8806,8831,9164,9105,2018-11-28 12:44:56
8496,8574,9185,9255,6428,6459,7156,7138,8806,8831,9164,9105,2018-11-28 12:47:56
8495,8574,9186,9255,6428,6459,7157,7138,8805,8831,9165,9105,2018-11-28 12:50:56
8494,8574,9183,9255,6426,6459,7156,7138,8805,8831,9162,9105,2018-11-28 12:53:57
8496,8574,9186,9255,6427,6459,7157,7138,8805,8831,9164,9105,2018-11-28 12:56:57
8495,8574,9184,9255,6427,6459,7156,7138,8804,8831,9163,9105,2018-11-28 12:59:58
8495,8574,9185,9255,6428,6459,7157,7138,8805,8831,9164,9105,2018-11-28 13:02:57
8494,8574,9185,9255,6427,6459,7157,7138,8804,8831,9164,9105,2018-11-28 13:05:57
8495,8574,9184,9255,6427,6459,7155,7138,8804,8831,9163,9105,2018-11-28 13:08:57
8494,8574,9184,9255,6426,6459,7155,7138,8803,8831,9162,9105,2018-11-28 13:11:58
8495,8574,9183,9255,6426,6459,7155,7138,8803,8831,9161,9105,2018-11-28 13:14:58
8493,8574,9182,9255,6426,6459,7154,7138,8802,8831,9160,9105,2018-11-28 13:17:58
8494,8574,9183,9255,6426,6459,7154,7138,8803,8831,9161,9105,2018-11-28 13:20:58
8495,8574,9182,9255,6427,6459,7154,7138,8804,8831,9161,9105,2018-11-28 13:23:59
8494,8574,9183,9255,6427,6459,7156,7138,8804,8831,9163,9105,2018-11-28 13:26:59
8492,8574,9181,9255,6425,6459,7154,7138,8802,8831,9160,9105,2018-11-28 13:29:59
8494,8574,9183,9255,6427,6459,7155,7138,8803,8831,9162,9105,2018-11-28 13:32:59
8493,8574,9182,9255,6427,6459,7155,7138,8803,8831,9162,9105,2018-11-28 13:35:59
8493,8574,9182,9255,6426,6459,7154,7138,8802,8831,9161,9105,2018-11-28 13:38:59
8495,8574,9184,9255,6427,6459,7156,7138,8804,8831,9164,9105,2018-11-28 13:42:00
8494,8574,9184,9255,6427,6459,7156,7138,8804,8831,9163,9105,2018-11-28 13:45:01
8494,8574,9183,9255,6426,6459,7155,7138,8804,8831,9163,9105,2018-11-28 13:48:00
8494,8574,9183,9255,6427,6459,7156,7138,8803,8831,9164,9105,2018-11-28 13:51:00
8494,8574,9183,9255,6427,6459,7156,7138,8804,8831,9163,9105,2018-11-28 13:54:00
8494,8574,9184,9255,6427,6459,7156,7138,8803,8831,9163,9105,2018-11-28 13:57:01
8493,8574,9184,9255,6425,6459,7156,7138,8802,8831,9162,9105,2018-11-28 14:00:01
8494,8574,9184,9255,6426,6459,7156,7138,8803,8831,9162,9105,2018-11-28 14:03:01
8494,8574,9184,9255,6426,6459,7156,7138,8803,8831,9163,9105,2018-11-28 14:06:01
8495,8574,9184,9255,6426,6459,7155,7138,8803,8831,9162,9105,2018-11-28 14:09:02
8494,8574,9184,9255,6426,6459,7155,7138,8802,8831,9162,9105,2018-11-28 14:12:02
8495,8574,9184,9255,6426,6459,7155,7138,8803,8831,9162,9105,2018-11-28 14:15:02
8495,8574,9185,9255,6426,6459,7156,7138,8803,8831,9162,9105,2018-11-28 14:18:02
8495,8574,9184,9255,6426,6459,7156,7138,8803,8831,9162,9105,2018-11-28 14:21:02
8494,8574,9184,9255,6426,6459,7155,7138,8802,8831,9161,9105,2018-11-28 14:24:03
8494,8574,9183,9255,6425,6459,7154,7138,8801,8831,9160,9105,2018-11-28 14:27:03
8495,8574,9184,9255,6426,6459,7155,7138,8803,8831,9161,9105,2018-11-28 14:30:03
8494,8574,9183,9255,6426,6459,7154,7138,8802,8831,9160,9105,2018-11-28 14:33:03
8494,8574,9182,9255,6426,6459,7154,7138,8801,8831,9159,9105,2018-11-28 14:36:03
8494,8574,9181,9255,6425,6459,7153,7138,8801,8831,9158,9105,2018-11-28 14:39:04
8494,8574,9182,9255,6425,6459,7153,7138,8800,8831,9159,9105,2018-11-28 14:42:04
8493,8574,9182,9255,6425,6459,7153,7138,8800,8831,9158,9105,2018-11-28 14:45:05
